ds,yhat,yhat_lower,yhat_upper,model
1970-01-02 00:00:00.000001959,69349.33333333333,66797.80894658527,71900.85772008139,arima
1970-01-03 00:00:00.000001959,70043.66666666666,66435.26627420184,73652.06705913147,arima
1970-01-04 00:00:00.000001959,70737.99999999999,66318.63012540131,75157.36987459866,arima
1970-01-05 00:00:00.000001959,71432.33333333331,66329.28455983718,76535.38210682945,arima
1970-01-06 00:00:00.000001959,72126.66666666664,66421.2846916495,77832.04864168378,arima
1970-01-07 00:00:00.000001959,72820.99999999997,66571.06718619945,79070.9328138005,arima
1970-01-08 00:00:00.000001959,73515.3333333333,66764.63434188133,80266.03232478526,arima
1970-01-09 00:00:00.000001959,74209.66666666663,66992.86588173702,81426.46745159624,arima
1970-01-10 00:00:00.000001959,74903.99999999996,67249.42683975576,82558.57316024415,arima
1970-01-11 00:00:00.000001959,75598.33333333328,67529.70476574506,83666.96190092151,arima
1970-01-12 00:00:00.000001959,76292.66666666661,67830.21763238162,84755.1157009516,arima
1970-01-13 00:00:00.000001959,76986.99999999994,68148.2602508026,85825.73974919728,arima
1970-01-14 00:00:00.000001959,77681.33333333327,68481.68132631632,86880.98534035022,arima
1970-01-15 00:00:00.000001959,78375.6666666666,68828.73659745685,87922.59673587634,arima
1970-01-16 00:00:00.000001959,79069.99999999993,69187.98854268258,88952.01145731728,arima
1970-01-17 00:00:00.000001959,79764.33333333326,69558.235786341,89970.43088032551,arima
1970-01-18 00:00:00.000001959,80458.66666666658,69938.46211376498,90978.87121956819,arima
1970-01-19 00:00:00.000001959,81152.99999999991,70327.79882260549,91978.20117739434,arima
1970-01-20 00:00:00.000001959,81847.33333333324,70725.49637951884,92969.17028714764,arima
1970-01-21 00:00:00.000001959,82541.66666666657,71130.90271663229,93952.43061670085,arima
1970-01-22 00:00:00.000001959,83235.9999999999,71543.44636020111,94928.55363979869,arima
1970-01-23 00:00:00.000001959,83930.33333333323,71962.62313815628,95898.04352851017,arima
1970-01-24 00:00:00.000001959,84624.66666666656,72387.98558019903,96861.34775313408,arima
1970-01-25 00:00:00.000001959,85318.99999999988,72819.13437239884,97818.86562760093,arima
1970-01-26 00:00:00.000001959,86013.33333333321,73255.71139959288,98770.95526707354,arima
1970-01-27 00:00:00.000001959,86707.66666666654,73697.39402923029,99717.9393041028,arima
1970-01-28 00:00:00.000001959,87401.99999999987,74143.89037620385,100660.10962379588,arima
1970-01-29 00:00:00.000001959,88096.3333333332,74594.93535042925,101597.73131623714,arima
1970-01-30 00:00:00.000001959,88790.66666666653,75050.2873346054,102531.04599872766,arima
1970-01-31 00:00:00.000001959,89484.99999999985,75509.72537353534,103460.27462646436,arima
1970-02-01 00:00:00.000001959,90179.33333333318,75973.04678190558,104385.61988476079,arima
1970-02-02 00:00:00.000001959,90873.66666666651,76440.06509680727,105307.26823652575,arima
1970-02-03 00:00:00.000001959,91567.99999999984,76910.60831615605,106225.39168384363,arima
1970-02-04 00:00:00.000001959,92262.33333333317,77384.51737568055,107140.14929098579,arima
1970-02-05 00:00:00.000001959,92956.6666666665,77861.64482614062,108051.68850719238,arima
1970-02-06 00:00:00.000001959,93650.99999999983,78341.85367951143,108960.14632048822,arima
1970-02-07 00:00:00.000001959,94345.33333333315,78825.01639847987,109865.65026818644,arima
1970-02-08 00:00:00.000001959,95039.66666666648,79311.01400807987,110768.31932525309,arima
1970-02-09 00:00:00.000001959,95733.99999999981,79799.73531189344,111668.26468810618,arima
1970-02-10 00:00:00.000001959,96428.33333333314,80291.07619815668,112565.5904685096,arima
1970-02-11 00:00:00.000001959,97122.66666666647,80784.93902347895,113460.39430985399,arima
1970-02-12 00:00:00.000001959,97816.9999999998,81281.23206382146,114352.76793617813,arima
1970-02-13 00:00:00.000001959,98511.33333333312,81779.86902397532,115242.79764269093,arima
1970-02-14 00:00:00.000001959,99205.66666666645,82280.76859809647,116130.56473523643,arima
1970-02-15 00:00:00.000001959,99899.99999999978,82783.85407494837,117016.1459250512,arima
1970-02-16 00:00:00.000001959,100594.33333333311,83289.0529824164,117899.61368424982,arima
1970-02-17 00:00:00.000001959,101288.66666666644,83796.29676662161,118781.03656671126,arima
1970-02-18 00:00:00.000001959,101982.99999999977,84305.52050160509,119660.47949839444,arima
1970-02-19 00:00:00.000001959,102677.3333333331,84816.66262609663,120538.00404056956,arima
1970-02-20 00:00:00.000001959,103371.66666666642,85329.66470434237,121413.66862899048,arima
1970-02-21 00:00:00.000001959,104065.99999999975,85844.47120835676,122287.52879164275,arima
1970-02-22 00:00:00.000001959,104760.33333333308,86361.02931929915,123159.63734736701,arima
1970-02-23 00:00:00.000001959,105454.66666666641,86879.28874596141,124030.0445873714,arima
1970-02-24 00:00:00.000001959,106148.99999999974,87399.20155859817,124898.7984414013,arima
1970-02-25 00:00:00.000001959,106843.33333333307,87920.72203654438,125765.94463012175,arima
1970-02-26 00:00:00.000001959,107537.6666666664,88443.80652824689,126631.5268050859,arima
1970-02-27 00:00:00.000001959,108231.99999999972,88968.4133224961,127495.58667750335,arima
1970-02-28 00:00:00.000001959,108926.33333333305,89494.50252978122,128358.16413688488,arima
1970-03-01 00:00:00.000001959,109620.66666666638,90022.03597281342,129219.29736051934,arima
1970-03-02 00:00:00.000001959,110314.99999999971,90550.97708536501,130079.0229146344,arima
1970-03-03 00:00:00.000001959,111009.33333333304,91081.29081866604,130937.37584800004,arima
1970-03-04 00:00:00.000001959,111703.66666666637,91612.94355467893,131794.3897786538,arima
1970-03-05 00:00:00.000001959,112397.9999999997,92145.90302564378,132650.0969743556,arima
1970-03-06 00:00:00.000001959,113092.33333333302,92680.1382393485,133504.52842731753,arima
1970-03-07 00:00:00.000001959,113786.66666666635,93215.61940963406,134357.71392369864,arima
1970-03-08 00:00:00.000001959,114480.99999999968,93752.31789169318,135209.68210830618,arima
1970-03-09 00:00:00.000001959,115175.33333333301,94290.20612176458,136060.46054490143,arima
1970-03-10 00:00:00.000001959,115869.66666666634,94829.25756086313,136910.07577246954,arima
1970-03-11 00:00:00.000001959,116563.99999999967,95369.44664222078,137758.55335777855,arima
1970-03-12 00:00:00.000001959,117258.333333333,95910.74872214322,138605.91794452278,arima
1970-03-13 00:00:00.000001959,117952.66666666632,96453.14003401516,139452.1932993175,arima
1970-03-14 00:00:00.000001959,118646.99999999965,96996.5976452108,140297.4023547885,arima
1970-03-15 00:00:00.000001959,119341.33333333298,97541.09941668849,141141.56724997747,arima
1970-03-16 00:00:00.000001959,120035.66666666631,98086.62396506798,141984.70936826465,arima
1970-03-17 00:00:00.000001959,120729.99999999964,98633.15062700628,142826.849372993,arima
1970-03-18 00:00:00.000001959,121424.33333333296,99180.65942570414,143668.00724096177,arima
1970-03-19 00:00:00.000001959,122118.6666666663,99729.1310393895,144508.2022939431,arima
1970-03-20 00:00:00.000001959,122812.99999999962,100278.5467716369,145347.45322836234,arima
1970-03-21 00:00:00.000001959,123507.33333333295,100828.88852339421,146185.7781432717,arima
1970-03-22 00:00:00.000001959,124201.66666666628,101380.13876659772,147023.19456673483,arima
1970-03-23 00:00:00.000001959,124895.9999999996,101932.28051926702,147859.7194807322,arima
1970-03-24 00:00:00.000001959,125590.33333333294,102485.29732197932,148695.36934468657,arima
1970-03-25 00:00:00.000001959,126284.66666666626,103039.17321563113,149530.1601177014,arima
1970-03-26 00:00:00.000001959,126978.99999999959,103593.89272040201,150364.10727959717,arima
1970-03-27 00:00:00.000001959,127673.33333333292,104149.44081584216,151197.22585082368,arima
1970-03-28 00:00:00.000001959,128367.66666666625,104705.80292201106,152029.53041132144,arima
1970-03-29 00:00:00.000001959,129061.99999999958,105262.96488160039,152861.03511839875,arima
1970-03-30 00:00:00.000001959,129756.3333333329,105820.91294297903,153691.75372368676,arima
1970-03-31 00:00:00.000001959,130450.66666666623,106379.6337441027,154521.69958922977,arima
1970-04-01 00:00:00.000001959,131144.99999999956,106939.11429723488,155350.88570276424,arima
1970-04-02 00:00:00.000001959,131839.3333333329,107499.3419744298,156179.324692236,arima
1970-04-03 00:00:00.000001959,132533.66666666625,108060.30449373121,157007.0288396013,arima
1970-04-04 00:00:00.000001959,133227.9999999996,108621.98990604453,157834.01009395465,arima
1970-04-05 00:00:00.000001959,133922.33333333294,109184.38658264265,158660.28008402322,arima
1970-04-06 00:00:00.000001959,134616.66666666628,109747.48320326809,159485.85013006447,arima
1970-04-07 00:00:00.000001959,135310.99999999962,110311.26874479753,160310.7312552017,arima
1970-04-08 00:00:00.000001959,136005.33333333296,110875.73247043627,161134.93419622965,arima
1970-04-09 00:00:00.000001959,136699.6666666663,111440.86391941266,161958.46941391996,arima
1970-04-10 00:00:00.000001959,137393.99999999965,112006.6528971447,162781.3471028546,arima
1970-04-11 00:00:00.000001959,138088.333333333,112573.08946585236,163603.57720081363,arima
1970-04-12 00:00:00.000001959,138782.66666666634,113140.16393559154,164425.16939774112,arima
1970-04-13 00:00:00.000001959,139476.99999999968,113707.86685568634,165246.133144313,arima
1970-04-14 00:00:00.000001959,140171.33333333302,114276.18900653851,166066.47766012754,arima
1970-04-15 00:00:00.000001959,140865.66666666637,114845.12139179389,166886.21194153884,arima
1970-04-16 00:00:00.000001959,141559.9999999997,115414.65523084704,167705.34476915238,arima
1970-04-17 00:00:00.000001959,142254.33333333305,115984.78195166631,168523.8847149998,arima
1970-04-18 00:00:00.000001959,142948.6666666664,116555.49318392282,169341.84014940995,arima
1970-04-19 00:00:00.000001959,143642.99999999974,117126.78075240774,170159.21924759174,arima
1970-04-20 00:00:00.000001959,144337.33333333308,117698.63667072328,170976.0299959429,arima
1970-04-21 00:00:00.000001959,145031.66666666642,118271.05313523355,171792.2801980993,arima
1970-04-22 00:00:00.000001959,145725.99999999977,118844.02251926226,172607.9774807373,arima
1970-04-23 00:00:00.000001959,146420.3333333331,119417.53736752526,173423.12929914097,arima
1970-04-24 00:00:00.000001959,147114.66666666645,119991.5903907862,174237.74294254673,arima
1970-04-25 00:00:00.000001959,147808.9999999998,120566.17446072453,175051.82553927507,arima
1970-04-26 00:00:00.000001959,148503.33333333314,121141.2826050058,175865.38406166047,arima
1970-04-27 00:00:00.000001959,149197.66666666648,121716.90800254425,176678.4253307887,arima
1970-04-28 00:00:00.000001959,149891.99999999983,122293.04397894898,177490.9560210507,arima
1970-04-29 00:00:00.000001959,150586.33333333317,122869.68400214473,178302.9826645216,arima
1970-04-30 00:00:00.000001959,151280.6666666665,123446.82167815947,179114.51165517356,arima
1970-05-01 00:00:00.000001959,151974.99999999985,124024.45074707086,179925.54925292885,arima
1970-05-02 00:00:00.000001959,152669.3333333332,124602.56507910452,180736.1015875619,arima
1970-05-03 00:00:00.000001959,153363.66666666654,125181.15867087686,181546.1746624562,arima
1970-05-04 00:00:00.000001959,154057.99999999988,125760.2256417766,182355.77435822316,arima
1970-05-05 00:00:00.000001959,154752.33333333323,126339.76023047806,183164.90643618838,arima
1970-05-06 00:00:00.000001959,155446.66666666657,126919.75679158092,183973.5765417522,arima
1970-05-07 00:00:00.000001959,156140.9999999999,127500.2097923707,184781.79020762912,arima
1970-05-08 00:00:00.000001959,156835.33333333326,128081.11380969465,185589.55285697186,arima
1970-05-09 00:00:00.000001959,157529.6666666666,128662.46352694818,186396.86980638502,arima
1970-05-10 00:00:00.000001959,158223.99999999994,129244.25373116696,187203.74626883294,arima
1970-05-11 00:00:00.000001959,158918.33333333328,129826.4793102204,188010.18735644617,arima
1970-05-12 00:00:00.000001959,159612.66666666663,130409.13525010197,188816.19808323128,arima
1970-05-13 00:00:00.000001959,160306.99999999997,130992.21663231244,189621.7833676875,arima
1970-05-14 00:00:00.000001959,161001.3333333333,131575.71863133227,190426.94803533435,arima
1970-05-15 00:00:00.000001959,161695.66666666666,132159.63651217925,191231.69682115407,arima
1970-05-16 00:00:00.000001959,162390.0,132743.965628048,192036.034371952,arima
1970-05-17 00:00:00.000001959,163084.33333333334,133328.70141802815,192839.96524863853,arima
1970-05-18 00:00:00.000001959,163778.6666666667,133913.8394048977,193643.49392843567,arima
1970-05-19 00:00:00.000001959,164473.00000000003,134499.37519298895,194446.6248070111,arima
1970-05-20 00:00:00.000001959,165167.33333333337,135085.30446612363,195249.3622005431,arima
1970-05-21 00:00:00.000001959,165861.66666666672,135671.62298561502,196051.7103477184,arima
1970-05-22 00:00:00.000001959,166556.00000000006,136258.32658833393,196853.67341166618,arima
1970-05-23 00:00:00.000001959,167250.3333333334,136845.41118483662,197655.2554818302,arima
1970-05-24 00:00:00.000001959,167944.66666666674,137432.87275755155,198456.46057578194,arima
1970-05-25 00:00:00.000001959,168639.0000000001,138020.70735902336,199257.2926409768,arima
1970-05-26 00:00:00.000001959,169333.33333333343,138608.91111021163,200057.75555645523,arima
1970-05-27 00:00:00.000001959,170027.66666666677,139197.48019884227,200857.85313449128,arima
1970-05-28 00:00:00.000001959,170722.00000000012,139786.41087780948,201657.58912219075,arima
1970-05-29 00:00:00.000001959,171416.33333333346,140375.69946362695,202456.96720303997,arima
1970-05-30 00:00:00.000001959,172110.6666666668,140965.34233492578,203255.99099840783,arima
1970-05-31 00:00:00.000001959,172805.00000000015,141555.33593099756,204054.66406900273,arima
1970-06-01 00:00:00.000001959,173499.3333333335,142145.67675038162,204852.98991628535,arima
1970-06-02 00:00:00.000001959,174193.66666666683,142736.36134949367,205650.97198384,arima
1970-06-03 00:00:00.000001959,174888.00000000017,143327.38634129544,206448.6136587049,arima
1970-06-04 00:00:00.000001959,175582.33333333352,143918.74839400314,207245.9182726639,arima
1970-06-05 00:00:00.000001959,176276.66666666686,144510.44422983372,208042.8891035,arima
1970-06-06 00:00:00.000001959,176971.0000000002,145102.47062378752,208839.5293762129,arima
1970-06-07 00:00:00.000001959,177665.33333333355,145694.82440246572,209635.84226420138,arima
1970-06-08 00:00:00.000001959,178359.6666666669,146287.50244292186,210431.83089041192,arima
1970-06-09 00:00:00.000001959,179054.00000000023,146880.5016715461,211227.49832845436,arima
1970-06-10 00:00:00.000001959,179748.33333333358,147473.8190629807,212022.84760368644,arima
1970-06-11 00:00:00.000001959,180442.66666666692,148067.45163906625,212817.8816942676,arima
1970-06-12 00:00:00.000001959,181137.00000000026,148661.39646781705,213612.60353218348,arima
1970-06-13 00:00:00.000001959,181831.3333333336,149255.65066242524,214407.01600424197,arima
1970-06-14 00:00:00.000001959,182525.66666666695,149850.21138029196,215201.12195304193,arima
1970-06-15 00:00:00.000001959,183220.0000000003,150445.07582208555,215994.92417791503,arima
1970-06-16 00:00:00.000001959,183914.33333333363,151040.24123082485,216788.42543584242,arima
1970-06-17 00:00:00.000001959,184608.66666666698,151635.70489098778,217581.62844234618,arima
1970-06-18 00:00:00.000001959,185303.00000000032,152231.4641276437,218374.53587235694,arima
1970-06-19 00:00:00.000001959,185997.33333333366,152827.51630560888,219167.15036105845,arima
1970-06-20 00:00:00.000001959,186691.666666667,153423.85882862468,219959.47450470933,arima
1970-06-21 00:00:00.000001959,187386.00000000035,154020.4891385572,220751.5108614435,arima
1970-06-22 00:00:00.000001959,188080.3333333337,154617.40471461817,221543.26195204922,arima
1970-06-23 00:00:00.000001959,188774.66666666704,155214.603072606,222334.73026072807,arima
1970-06-24 00:00:00.000001959,189469.00000000038,155812.08176416674,223125.91823583402,arima
1970-06-25 00:00:00.000001959,190163.33333333372,156409.83837607395,223916.8282905935,arima
1970-06-26 00:00:00.000001959,190857.66666666706,157007.87052952716,224707.46280380696,arima
1970-06-27 00:00:00.000001959,191552.0000000004,157606.17587946827,225497.82412053255,arima
1970-06-28 00:00:00.000001959,192246.33333333375,158204.75211391516,226287.91455275234,arima
1970-06-29 00:00:00.000001959,192940.6666666671,158803.59695331234,227077.73638002184,arima
1970-06-30 00:00:00.000001959,193635.00000000044,159402.7081498977,227867.29185010318,arima
1970-07-01 00:00:00.000001959,194329.33333333378,160002.08348708507,228656.5831795825,arima
1970-07-02 00:00:00.000001959,195023.66666666712,160601.72077886248,229445.61255447177,arima
1970-07-03 00:00:00.000001959,195718.00000000047,161201.61786920464,230234.3821307963,arima
1970-07-04 00:00:00.000001959,196412.3333333338,161801.77263150044,231022.89403516718,arima
1970-07-05 00:00:00.000001959,197106.66666666715,162402.18296799413,231811.15036534017,arima
1970-07-06 00:00:00.000001959,197801.0000000005,163002.84680924006,232599.15319076093,arima
1970-07-07 00:00:00.000001959,198495.33333333384,163603.76211357073,233386.90455309695,arima
1970-07-08 00:00:00.000001959,199189.66666666718,164204.9268665776,234174.40646675677,arima
1970-07-09 00:00:00.000001959,199884.00000000052,164806.33908060423,234961.66091939682,arima
1970-07-10 00:00:00.000001959,200578.33333333387,165407.99679425152,235748.6698724162,arima
1970-07-11 00:00:00.000001959,201272.6666666672,166009.8980718946,236535.43526143982,arima
1970-07-12 00:00:00.000001959,201967.00000000055,166612.04100321128,237321.95899678982,arima
1970-07-13 00:00:00.000001959,202661.3333333339,167214.42370272122,238108.24296394657,arima
1970-07-14 00:00:00.000001959,203355.66666666724,167817.04430933617,238894.2890239983,arima
1970-07-15 00:00:00.000001959,204050.00000000058,168419.90098592034,239680.09901408083,arima
1970-07-16 00:00:00.000001959,204744.33333333393,169022.9919188611,240465.67474780674,arima
1970-07-17 00:00:00.000001959,205438.66666666727,169626.3153176494,241251.01801568514,arima
1970-07-18 00:00:00.000001959,206133.0000000006,170229.8694144699,242036.13058553133,arima
1970-07-19 00:00:00.000001959,206827.33333333395,170833.65246380016,242821.01420286775,arima
1970-07-20 00:00:00.000001959,207521.6666666673,171437.6627420193,243605.67059131528,arima
1970-07-21 00:00:00.000001959,208216.00000000064,172041.8985470249,244390.10145297638,arima
1970-07-22 00:00:00.000001959,208910.33333333398,172646.35819785894,245174.30846880903,arima
1970-07-23 00:00:00.000001959,209604.66666666733,173251.04003434186,245958.2932989928,arima
1970-07-24 00:00:00.000001959,210299.00000000067,173855.94241671477,246742.05758328657,arima
1970-07-25 00:00:00.000001959,210993.333333334,174461.06372528936,247525.60294137866,arima
1970-07-26 00:00:00.000001959,211687.66666666736,175066.4023601059,248308.93097322882,arima
1970-07-27 00:00:00.000001959,212382.0000000007,175671.9567405982,249092.0432594032,arima
1970-07-28 00:00:00.000001959,213076.33333333404,176277.72530526627,249874.9413614018,arima
1970-07-29 00:00:00.000001959,213770.66666666738,176883.70651135582,250657.62682197895,arima
1970-07-30 00:00:00.000001959,214465.00000000073,177489.89883454464,251440.1011654568,arima
1970-07-31 00:00:00.000001959,215159.33333333407,178096.30076863582,252222.36589803232,arima
1970-08-01 00:00:00.000001959,215853.6666666674,178702.9108252575,253004.42250807732,arima
1970-08-02 00:00:00.000001959,216548.00000000076,179309.72753356883,253786.27246643268,arima
1970-08-03 00:00:00.000001959,217242.3333333341,179916.74943997228,254567.91722669592,arima
1970-08-04 00:00:00.000001959,217936.66666666744,180523.97510783194,255349.35822550295,arima
1970-08-05 00:00:00.000001959,218631.0000000008,181131.40311719774,256130.59688280383,arima
1970-08-06 00:00:00.000001959,219325.33333333413,181739.03206453536,256911.6346021329,arima
1970-08-07 00:00:00.000001959,220019.66666666747,182346.86056246184,257692.4727708731,arima
1970-08-08 00:00:00.000001959,220714.00000000081,182954.8872394864,258473.11276051524,arima
1970-08-09 00:00:00.000001959,221408.33333333416,183563.11073975687,259253.55592691145,arima
1970-08-10 00:00:00.000001959,222102.6666666675,184171.52972281116,260033.80361052384,arima
1970-08-11 00:00:00.000001959,222797.00000000084,184780.1428633338,260813.85713666788,arima
1970-08-12 00:00:00.000001959,223491.3333333342,185388.9488509173,261593.71781575106,arima
1970-08-13 00:00:00.000001959,224185.66666666753,185997.94638982863,262373.3869435064,arima
1970-08-14 00:00:00.000001959,224880.00000000087,186607.13419878,263152.86580122175,arima
1970-08-15 00:00:00.000001959,225574.33333333422,187216.51101070447,263932.155655964,arima
1970-08-16 00:00:00.000001959,226268.66666666756,187826.075572536,264711.25776079914,arima
1970-08-17 00:00:00.000001959,226963.0000000009,188435.82664499374,265490.17335500807,arima
1970-08-18 00:00:00.000001959,227657.33333333425,189045.76300237072,266268.9036642978,arima
1970-08-19 00:00:00.000001959,228351.6666666676,189655.8834323265,267047.4499010087,arima
1970-08-20 00:00:00.000001959,229046.00000000093,190266.1867356841,267825.81326431775,arima
1970-08-21 00:00:00.000001959,229740.33333333427,190876.67172623074,268603.9949404378,arima
1970-08-22 00:00:00.000001959,230434.66666666762,191487.33723052242,269381.9961028128,arima
1970-08-23 00:00:00.000001959,231129.00000000096,192098.18208769232,270159.8179123096,arima
1970-08-24 00:00:00.000001959,231823.3333333343,192709.20514926297,270937.46151740564,arima
1970-08-25 00:00:00.000001959,232517.66666666765,193320.40527896184,271714.9280543735,arima
1970-08-26 00:00:00.000001959,233212.000000001,193931.78135254048,272492.2186474615,arima
1970-08-27 00:00:00.000001959,233906.33333333433,194543.3322575973,273269.33440907137,arima
1970-08-28 00:00:00.000001959,234600.66666666768,195155.05689340338,274046.27643993194,arima
1970-08-29 00:00:00.000001959,235295.00000000102,195766.95417073174,274823.0458292703,arima
1970-08-30 00:00:00.000001959,235989.33333333436,196379.02301168977,275599.64365497895,arima
1970-08-31 00:00:00.000001959,236683.6666666677,196991.26234955492,276376.0709837805,arima
1970-09-01 00:00:00.000001959,237378.00000000105,197603.67112861312,277152.328871389,arima
1970-09-02 00:00:00.000001959,238072.3333333344,198216.2483040005,277928.4183626683,arima
1970-09-03 00:00:00.000001959,238766.66666666773,198828.99284154788,278704.3404917876,arima
1970-09-04 00:00:00.000001959,239461.00000000108,199441.90371762816,279480.096282374,arima
1970-09-05 00:00:00.000001959,240155.33333333442,200054.97991900647,280255.6867476624,arima
1970-09-06 00:00:00.000001959,240849.66666666776,200668.22044269304,281031.1128906425,arima
1970-09-07 00:00:00.000001959,241544.0000000011,201281.62429579877,281806.37570420344,arima
1970-09-08 00:00:00.000001959,242238.33333333445,201895.1904953934,282581.4761712755,arima
1970-09-09 00:00:00.000001959,242932.6666666678,202508.91806836627,283356.4152649693,arima
1970-09-10 00:00:00.000001959,243627.00000000114,203122.80605128943,284131.19394871284,arima
1970-09-11 00:00:00.000001959,244321.33333333448,203736.85349028333,284905.8131763856,arima
1970-09-12 00:00:00.000001959,245015.66666666782,204351.0594408849,285680.2738924507,arima
1970-09-13 00:00:00.000001959,245710.00000000116,204965.42296791793,286454.5770320844,arima
1970-09-14 00:00:00.000001959,246404.3333333345,205579.94314536557,287228.72352130344,arima
1970-09-15 00:00:00.000001959,247098.66666666785,206194.61905624543,288002.7142770903,arima
1970-09-16 00:00:00.000001959,247793.0000000012,206809.44979248656,288776.55020751583,arima
1970-09-17 00:00:00.000001959,248487.33333333454,207424.43445480862,289550.2322118604,arima
1970-09-18 00:00:00.000001959,249181.66666666788,208039.57215260342,290323.76118073234,arima
1970-09-19 00:00:00.000001959,249876.00000000122,208654.86200381795,291097.1379961845,arima
1970-09-20 00:00:00.000001959,250570.33333333457,209270.3031348401,291870.36353182903,arima
1970-09-21 00:00:00.000001959,251264.6666666679,209885.89468038583,292643.43865295,arima
1970-09-22 00:00:00.000001959,251959.00000000125,210501.63578338837,293416.3642166141,arima
1970-09-23 00:00:00.000001959,252653.3333333346,211117.52559488962,294189.14107177954,arima
1970-09-24 00:00:00.000001959,253347.66666666794,211733.563273933,294961.7700594029,arima
1970-09-25 00:00:00.000001959,254042.00000000128,212349.7479874582,295734.25201254437,arima
1970-09-26 00:00:00.000001959,254736.33333333462,212966.0789101979,296506.58775647136,arima
1970-09-27 00:00:00.000001959,255430.66666666797,213582.55522457603,297278.7781087599,arima
1970-09-28 00:00:00.000001959,256125.0000000013,214199.1761206079,298050.82387939474,arima
1970-09-29 00:00:00.000001959,256819.33333333465,214815.94079580164,298822.72587086767,arima
1970-09-30 00:00:00.000001959,257513.666666668,215432.84845506173,299594.48487827426,arima
1970-10-01 00:00:00.000001959,258208.00000000134,216049.89831059382,300366.1016894089,arima
1970-10-02 00:00:00.000001959,258902.33333333468,216667.0895818113,301137.5770848581,arima
1970-10-03 00:00:00.000001959,259596.66666666802,217284.42149524318,301908.91183809284,arima
1970-10-04 00:00:00.000001959,260291.00000000137,217901.8932844437,302680.106715559,arima
1970-10-05 00:00:00.000001959,260985.3333333347,218519.50418990335,303451.1624767661,arima
1970-10-06 00:00:00.000001959,261679.66666666805,219137.25345896115,304222.07987437496,arima
1970-10-07 00:00:00.000001959,262374.0000000014,219755.1403457187,304992.8596542841,arima
1970-10-08 00:00:00.000001959,263068.3333333347,220373.1641109553,305763.5025557141,arima
1970-10-09 00:00:00.000001959,263762.666666668,220991.32402204457,306534.0093112915,arima
1970-10-10 00:00:00.000001959,264457.00000000134,221609.61935287245,307304.3806471302,arima
1970-10-11 00:00:00.000001959,265151.33333333465,222228.04938375636,308074.61728291295,arima
1970-10-12 00:00:00.000001959,265845.66666666797,222846.6134013658,308844.7199319702,arima
1970-10-13 00:00:00.000001959,266540.0000000013,223465.31069864397,309614.6893013586,arima
1970-10-14 00:00:00.000001959,267234.3333333346,224084.14057473114,310384.5260919381,arima
1970-10-15 00:00:00.000001959,267928.6666666679,224703.10233488845,311154.2309984474,arima
1970-10-16 00:00:00.000001959,268623.0000000012,225322.19529042364,311923.8047095788,arima
1970-10-17 00:00:00.000001959,269317.33333333454,225941.41875861754,312693.24790805153,arima
1970-10-18 00:00:00.000001959,270011.66666666785,226560.77206265175,313462.56127068395,arima
1970-10-19 00:00:00.000001959,270706.00000000116,227180.2545315375,314231.74546846485,arima
1970-10-20 00:00:00.000001959,271400.3333333345,227799.86550004565,315000.8011666233,arima
1970-10-21 00:00:00.000001959,272094.6666666678,228419.60430863762,315769.72902469797,arima
1970-10-22 00:00:00.000001959,272789.0000000011,229039.47030339757,316538.52969660464,arima
1970-10-23 00:00:00.000001959,273483.3333333344,229659.46283596545,317307.2038307034,arima
1970-10-24 00:00:00.000001959,274177.66666666773,230279.58126347122,318075.75206986425,arima
1970-10-25 00:00:00.000001959,274872.00000000105,230899.82494846982,318844.1750515323,arima
1970-10-26 00:00:00.000001959,275566.33333333436,231520.1932588775,319612.4734077912,arima
1970-10-27 00:00:00.000001959,276260.6666666677,232140.68556790875,320380.6477654266,arima
1970-10-28 00:00:00.000001959,276955.000000001,232761.30125401443,321148.69874598755,arima
1970-10-29 00:00:00.000001959,277649.3333333343,233382.03970082063,321916.626965848,arima
1970-10-30 00:00:00.000001959,278343.6666666676,234002.9002970687,322684.43303626654,arima
1970-10-31 00:00:00.000001959,279038.00000000093,234623.88243655578,323452.11756344605,arima
1970-11-01 00:00:00.000001959,279732.33333333425,235244.98551807675,324219.68114859174,arima
1970-11-02 00:00:00.000001959,280426.66666666756,235866.20894536644,324987.1243879687,arima
1970-11-03 00:00:00.000001959,281121.0000000009,236487.55212704313,325754.4478729586,arima
1970-11-04 00:00:00.000001959,281815.3333333342,237109.0144765528,326521.65219011554,arima
1970-11-05 00:00:00.000001959,282509.6666666675,237730.59541211405,327288.73792122095,arima
1970-11-06 00:00:00.000001959,283204.0000000008,238352.29435666383,328055.7056433378,arima
1970-11-07 00:00:00.000001959,283898.3333333341,238974.11073780427,328822.555928864,arima
1970-11-08 00:00:00.000001959,284592.66666666744,239596.04398774978,329589.2893455851,arima
1970-11-09 00:00:00.000001959,285287.00000000076,240218.09354327543,330355.9064567261,arima
1970-11-10 00:00:00.000001959,285981.33333333407,240840.25884566567,331122.4078210025,arima
1970-11-11 00:00:00.000001959,286675.6666666674,241462.539340664,331888.7939926708,arima
1970-11-12 00:00:00.000001959,287370.0000000007,242084.9344784232,332655.0655215782,arima
1970-11-13 00:00:00.000001959,288064.333333334,242707.44371345668,333421.22295321134,arima
1970-11-14 00:00:00.000001959,288758.6666666673,243330.06650458983,334187.2668287448,arima
1970-11-15 00:00:00.000001959,289453.00000000064,243952.80231491275,334953.1976850885,arima
1970-11-16 00:00:00.000001959,290147.33333333395,244575.65061173317,335719.0160549347,arima
1970-11-17 00:00:00.000001959,290841.66666666727,245198.6108665303,336484.7224668042,arima
1970-11-18 00:00:00.000001959,291536.0000000006,245821.6825549092,337250.31744509196,arima
1970-11-19 00:00:00.000001959,292230.3333333339,246444.86515655584,338015.80151011195,arima
1970-11-20 00:00:00.000001959,292924.6666666672,247068.1581551928,338781.1751781416,arima
1970-11-21 00:00:00.000001959,293619.0000000005,247691.5610385355,339546.43896146555,arima
1970-11-22 00:00:00.000001959,294313.33333333384,248315.07329824916,340311.5933684185,arima
1970-11-23 00:00:00.000001959,295007.66666666715,248938.69442990638,341076.6389034279,arima
1970-11-24 00:00:00.000001959,295702.00000000047,249562.4239329449,341841.57606705604,arima
1970-11-25 00:00:00.000001959,296396.3333333338,250186.2613106267,342606.40535604086,arima
1970-11-26 00:00:00.000001959,297090.6666666671,250810.20606999687,343371.1272633373,arima
1970-11-27 00:00:00.000001959,297785.0000000004,251434.25772184355,344135.74227815727,arima
1970-11-28 00:00:00.000001959,298479.3333333337,252058.4157806583,344900.25088600913,arima
1970-11-29 00:00:00.000001959,299173.66666666704,252682.6797645969,345664.65356873715,arima
1970-11-30 00:00:00.000001959,299868.00000000035,253307.04919544066,346428.95080456004,arima
1970-12-01 00:00:00.000001959,300562.33333333366,253931.52359855856,347193.14306810877,arima
1970-12-02 00:00:00.000001959,301256.666666667,254556.10250286947,347957.23083046445,arima
1970-12-03 00:00:00.000001959,301951.0000000003,255180.78544080528,348721.21455919533,arima
1970-12-04 00:00:00.000001959,302645.3333333336,255805.57194827416,349485.09471839305,arima
1970-12-05 00:00:00.000001959,303339.6666666669,256430.46156462457,350248.8717687093,arima
1970-12-06 00:00:00.000001959,304034.00000000023,257055.45383260967,351012.54616739077,arima
1970-12-07 00:00:00.000001959,304728.33333333355,257680.54829835217,351776.1183683149,arima
1970-12-08 00:00:00.000001959,305422.66666666686,258305.7445113097,352539.58882202406,arima
1970-12-09 00:00:00.000001959,306117.0000000002,258931.0420242405,353302.95797575987,arima
1970-12-10 00:00:00.000001959,306811.3333333335,259556.44039316985,354066.2262734971,arima
1970-12-11 00:00:00.000001959,307505.6666666668,260181.93917735657,354829.39415597706,arima
1970-12-12 00:00:00.000001959,308200.0000000001,260807.53793926025,355592.46206074,arima
1970-12-13 00:00:00.000001959,308894.33333333343,261433.23624450882,356355.43042215804,arima
1970-12-14 00:00:00.000001959,309588.66666666674,262059.0336618664,357118.2996714671,arima
1970-12-15 00:00:00.000001959,310283.00000000006,262684.92976320186,357881.07023679826,arima
1970-12-16 00:00:00.000001959,310977.3333333334,263310.9241234574,358643.74254320934,arima
1970-12-17 00:00:00.000001959,311671.6666666667,263937.0163206181,359406.31701271527,arima
1970-12-18 00:00:00.000001959,312366.0,264563.20593568106,360168.79406431894,arima
1970-12-19 00:00:00.000001959,313060.3333333333,265189.4925526257,360931.1741140409,arima
1970-12-20 00:00:00.000001959,313754.6666666666,265815.8757583841,361693.45757494913,arima
1970-12-21 00:00:00.000001959,314448.99999999994,266442.3551428117,362455.64485718816,arima
1970-12-22 00:00:00.000001959,315143.33333333326,267068.93029865826,363217.73636800825,arima
1970-12-23 00:00:00.000001959,315837.66666666657,267695.60082153964,363979.7325117935,arima
1970-12-24 00:00:00.000001959,316531.9999999999,268322.3663099094,364741.6336900904,arima
1970-12-25 00:00:00.000001959,317226.3333333332,268949.22636503115,365503.44030163524,arima
1970-12-26 00:00:00.000001959,317920.6666666665,269576.18059095106,366265.15274238196,arima
1970-12-27 00:00:00.000001959,318614.9999999998,270203.2285944706,367026.77140552906,arima
1970-12-28 00:00:00.000001959,319309.33333333314,270830.36998512,367788.29668154626,arima
1970-12-29 00:00:00.000001959,320003.66666666645,271457.60437513184,368549.72895820107,arima
1970-12-30 00:00:00.000001959,320697.99999999977,272084.9313794145,369311.068620585,arima
1970-12-31 00:00:00.000001959,321392.3333333331,272712.350615527,370072.31605113915,arima
1971-01-01 00:00:00.000001959,322086.6666666664,273339.861703653,370833.4716296798,arima
1971-01-02 00:00:00.000001959,322780.9999999997,273967.46426657593,371594.5357334235,arima
1971-01-03 00:00:00.000001959,323475.333333333,274595.15792965423,372355.5087370118,arima
1971-01-04 00:00:00.000001959,324169.66666666634,275222.94232079637,373116.3910125363,arima
1971-01-05 00:00:00.000001959,324863.99999999965,275850.81707043725,373877.18292956206,arima
1971-01-06 00:00:00.000001959,325558.33333333296,276478.78181151365,374637.8848551523,arima
1971-01-07 00:00:00.000001959,326252.6666666663,277106.83617944096,375398.4971538916,arima
1971-01-08 00:00:00.000001959,326946.9999999996,277734.97981208964,376159.02018790954,arima
1971-01-09 00:00:00.000001959,327641.3333333329,278363.2123497622,376919.4543169036,arima
1971-01-10 00:00:00.000001959,328335.6666666662,278991.53343517054,377679.7998981619,arima
1971-01-11 00:00:00.000001959,329029.99999999953,279619.9427134129,378440.05728658615,arima
1971-01-12 00:00:00.000001959,329724.33333333285,280248.4398319524,379200.2268347133,arima
1971-01-13 00:00:00.000001959,330418.66666666616,280877.02444059425,379960.3088927381,arima
1971-01-14 00:00:00.000001959,331112.9999999995,281505.6961914646,380720.30380853434,arima
1971-01-15 00:00:00.000001959,331807.3333333328,282134.45473898866,381480.2119276769,arima
1971-01-16 00:00:00.000001959,332501.6666666661,282763.29973986984,382240.0335934624,arima
1971-01-17 00:00:00.000001959,333195.9999999994,283392.23085306847,382999.76914693037,arima
1971-01-18 00:00:00.000001959,333890.33333333273,284021.2477397813,383759.4189268842,arima
1971-01-19 00:00:00.000001959,334584.66666666605,284650.35006342083,384518.98326991126,arima
1971-01-20 00:00:00.000001959,335278.99999999936,285279.53748959536,385278.46251040336,arima
1971-01-21 00:00:00.000001959,335973.3333333327,285908.8096860885,386037.8569805768,arima
1971-01-22 00:00:00.000001959,336667.666666666,286538.1663228401,386797.1670104919,arima
1971-01-23 00:00:00.000001959,337361.9999999993,287167.60707192606,387556.39292807254,arima
1971-01-24 00:00:00.000001959,338056.3333333326,287797.13160753937,388315.53505912586,arima
1971-01-25 00:00:00.000001959,338750.66666666593,288426.7396059709,389074.59372736095,arima
1971-01-26 00:00:00.000001959,339444.99999999924,289056.43074559077,389833.5692544077,arima
1971-01-27 00:00:00.000001959,340139.33333333256,289686.2047068292,390592.4619598359,arima
1971-01-28 00:00:00.000001959,340833.6666666659,290316.0611721587,391351.27216117305,arima
1971-01-29 00:00:00.000001959,341527.9999999992,290945.9998260754,392110.000173923,arima
1971-01-30 00:00:00.000001959,342222.3333333325,291576.02035508107,392868.6463115839,arima
1971-01-31 00:00:00.000001959,342916.6666666658,292206.12244766566,393627.21088566596,arima
1971-02-01 00:00:00.000001959,343610.9999999991,292836.30579428934,394385.6942057089,arima
1971-02-02 00:00:00.000001959,344305.33333333244,293466.5700873652,395144.09657929966,arima
1971-02-03 00:00:00.000001959,344999.66666666575,294096.9150212421,395902.4183120894,arima
1971-02-04 00:00:00.000001959,345693.99999999907,294727.34029218764,396660.6597078105,arima
1971-02-05 00:00:00.000001959,346388.3333333324,295357.84559837123,397418.82106829353,arima
1971-02-06 00:00:00.000001959,347082.6666666657,295988.43063984765,398176.90269348375,arima
1971-02-07 00:00:00.000001959,347776.999999999,296619.09511854046,398934.90488145757,arima
1971-02-08 00:00:00.000001959,348471.3333333323,297249.83873822575,399692.8279284389,arima
1971-02-09 00:00:00.000001959,349165.66666666564,297880.6612045162,400450.6721288151,arima
1971-02-10 00:00:00.000001959,349859.99999999895,298511.5622248449,401208.437775153,arima
1971-02-11 00:00:00.000001959,350554.33333333227,299142.54150844994,401966.1251582146,arima
1971-02-12 00:00:00.000001959,351248.6666666656,299773.5987663586,402723.73456697253,arima
1971-02-13 00:00:00.000001959,351942.9999999989,300404.73371137236,403481.2662886254,arima
1971-02-14 00:00:00.000001959,352637.3333333322,301035.946058051,404238.7206086134,arima
1971-02-15 00:00:00.000001959,353331.6666666655,301667.2355226984,404996.09781063267,arima
1971-02-16 00:00:00.000001959,354025.99999999884,302298.6018233469,405753.39817665075,arima
1971-02-17 00:00:00.000001959,354720.33333333215,302930.04467974324,406510.62198692106,arima
1971-02-18 00:00:00.000001959,355414.66666666546,303561.56381333346,407267.76951999747,arima
1971-02-19 00:00:00.000001959,356108.9999999988,304193.1589472488,408024.8410527487,arima
1971-02-20 00:00:00.000001959,356803.3333333321,304824.8298062915,408781.8368603727,arima
1971-02-21 00:00:00.000001959,357497.6666666654,305456.57611692057,409538.75721641025,arima
1971-02-22 00:00:00.000001959,358191.9999999987,306088.3976072379,410295.6023927595,arima
1971-02-23 00:00:00.000001959,358886.33333333203,306720.2940069745,411052.3726596896,arima
1971-02-24 00:00:00.000001959,359580.66666666535,307352.26504747686,411809.06828585383,arima
1971-02-25 00:00:00.000001959,360274.99999999866,307984.31046169344,412565.6895383039,arima
1971-02-26 00:00:00.000001959,360969.333333332,308616.42998416146,413322.2366825025,arima
1971-02-27 00:00:00.000001959,361663.6666666653,309248.6233509934,414078.7099823372,arima
1971-02-28 00:00:00.000001959,362357.9999999986,309880.8902998643,414835.1097001329,arima
1971-03-01 00:00:00.000001959,363052.3333333319,310513.23056999856,415591.4360966653,arima
1971-03-02 00:00:00.000001959,363746.66666666523,311145.64390215743,416347.689431173,arima
1971-03-03 00:00:00.000001959,364440.99999999854,311778.13003862597,417103.8699613711,arima
1971-03-04 00:00:00.000001959,365135.33333333186,312410.68872320093,417859.9779434628,arima
1971-03-05 00:00:00.000001959,365829.6666666652,313043.3197011782,418616.0136321522,arima
1971-03-06 00:00:00.000001959,366523.9999999985,313676.0227193404,419371.9772806566,arima
1971-03-07 00:00:00.000001959,367218.3333333318,314308.79752594524,420127.86914071837,arima
1971-03-08 00:00:00.000001959,367912.6666666651,314941.6438707129,420883.68946261733,arima
1971-03-09 00:00:00.000001959,368606.9999999984,315574.56150481454,421639.4384951823,arima
1971-03-10 00:00:00.000001959,369301.33333333174,316207.55018086056,422395.1164858029,arima
1971-03-11 00:00:00.000001959,369995.66666666506,316840.60965288884,423150.72368044127,arima
1971-03-12 00:00:00.000001959,370689.99999999837,317473.7396763532,423906.26032364357,arima
1971-03-13 00:00:00.000001959,371384.3333333317,318106.94000811223,424661.72665855114,arima
1971-03-14 00:00:00.000001959,372078.666666665,318740.2104064177,425417.12292691227,arima
1971-03-15 00:00:00.000001959,372772.9999999983,319373.55063090386,426172.44936909276,arima
1971-03-16 00:00:00.000001959,373467.3333333316,320006.96044257586,426927.7062240874,arima
1971-03-17 00:00:00.000001959,374161.66666666494,320640.4396037993,427682.89372953057,arima
1971-03-18 00:00:00.000001959,374855.99999999825,321273.9878782891,428438.01212170743,arima
1971-03-19 00:00:00.000001959,375550.33333333157,321907.6050310988,429193.0616355643,arima
1971-03-20 00:00:00.000001959,376244.6666666649,322541.2908286104,429948.04250471934,arima
1971-03-21 00:00:00.000001959,376938.9999999982,323175.04503852327,430702.9549614731,arima
1971-03-22 00:00:00.000001959,377633.3333333315,323808.86742984416,431457.79923681886,arima
1971-03-23 00:00:00.000001959,378327.6666666648,324442.75777287676,432212.5755604529,arima
1971-03-24 00:00:00.000001959,379021.99999999814,325076.71583921154,432967.28416078474,arima
1971-03-25 00:00:00.000001959,379716.33333333145,325710.7414017159,433721.925264947,arima
1971-03-26 00:00:00.000001959,380410.66666666477,326344.83423452376,434476.49909880577,arima
1971-03-27 00:00:00.000001959,381104.9999999981,326978.9941130261,435231.00588697003,arima
1971-03-28 00:00:00.000001959,381799.3333333314,327613.2208138611,435985.44585280167,arima
1971-03-29 00:00:00.000001959,382493.6666666647,328247.51411490433,436739.8192184251,arima
1971-03-30 00:00:00.000001959,383187.999999998,328881.8737952591,437494.12620473694,arima
1971-03-31 00:00:00.000001959,383882.33333333133,329516.2996352474,438248.3670314153,arima
1971-04-01 00:00:00.000001959,384576.66666666465,330150.7914164,439002.5419169293,arima
1971-04-02 00:00:00.000001959,385270.99999999796,330785.3489214475,439756.6510785484,arima
1971-04-03 00:00:00.000001959,385965.3333333313,331419.9719343112,440510.69473235135,arima
1971-04-04 00:00:00.000001959,386659.6666666646,332054.6602400934,441264.67309323576,arima
1971-04-05 00:00:00.000001959,387353.9999999979,332689.4136250691,442018.58637492673,arima
1971-04-06 00:00:00.000001959,388048.3333333312,333324.23187667667,442772.43478998577,arima
1971-04-07 00:00:00.000001959,388742.66666666453,333959.11478350905,443526.21854982,arima
1971-04-08 00:00:00.000001959,389436.99999999785,334594.06213530496,444279.9378646907,arima
1971-04-09 00:00:00.000001959,390131.33333333116,335229.0737229405,445033.5929437218,arima
1971-04-10 00:00:00.000001959,390825.6666666645,335864.14933842013,445787.1839949088,arima
1971-04-11 00:00:00.000001959,391519.9999999978,336499.2887748685,446540.7112251271,arima
1971-04-12 00:00:00.000001959,392214.3333333311,337134.4918265217,447294.1748401405,arima
1971-04-13 00:00:00.000001959,392908.6666666644,337769.75828871946,448047.5750446094,arima
1971-04-14 00:00:00.000001959,393602.99999999773,338405.0879578962,448800.9120420993,arima
1971-04-15 00:00:00.000001959,394297.33333333104,339040.4806315733,449554.1860350888,arima
1971-04-16 00:00:00.000001959,394991.66666666436,339675.936108351,450307.3972249777,arima
1971-04-17 00:00:00.000001959,395685.9999999977,340311.4541879001,451060.5458120952,arima
1971-04-18 00:00:00.000001959,396380.333333331,340947.0346709542,451813.63199570775,arima
1971-04-19 00:00:00.000001959,397074.6666666643,341582.67735930183,452566.65597402677,arima
1971-04-20 00:00:00.000001959,397768.9999999976,342218.38205577846,453319.61794421676,arima
1971-04-21 00:00:00.000001959,398463.3333333309,342854.14856425906,454072.5181024028,arima
1971-04-22 00:00:00.000001959,399157.66666666424,343489.97668965027,454825.3566436782,arima
1971-04-23 00:00:00.000001959,399851.99999999756,344125.86623788276,455578.13376211235,arima
1971-04-24 00:00:00.000001959,400546.33333333087,344761.8170159038,456330.8496507579,arima
1971-04-25 00:00:00.000001959,401240.6666666642,345397.82883167005,457083.5045016583,arima
1971-04-26 00:00:00.000001959,401934.9999999975,346033.90149413963,457836.09850585536,arima
1971-04-27 00:00:00.000001959,402629.3333333308,346670.03481326543,458588.6318533962,arima
1971-04-28 00:00:00.000001959,403323.6666666641,347306.2285999874,459341.10473334085,arima
1971-04-29 00:00:00.000001959,404017.99999999744,347942.4826662257,460093.5173337692,arima
1971-04-30 00:00:00.000001959,404712.33333333075,348578.79682487354,460845.86984178796,arima
1971-05-01 00:00:00.000001959,405406.66666666407,349215.1708897899,461598.16244353825,arima
1971-05-02 00:00:00.000001959,406100.9999999974,349851.60467579286,462350.3953242019,arima
1971-05-03 00:00:00.000001959,406795.3333333307,350488.09799865267,463102.5686680087,arima
1971-05-04 00:00:00.000001959,407489.666666664,351124.6506750848,463854.6826582432,arima
1971-05-05 00:00:00.000001959,408183.9999999973,351761.2625227431,464606.73747725156,arima
1971-05-06 00:00:00.000001959,408878.33333333064,352397.9333602132,465358.7333064481,arima
1971-05-07 00:00:00.000001959,409572.66666666395,353034.66300700605,466110.67032632185,arima
1971-05-08 00:00:00.000001959,410266.99999999726,353671.4512835508,466862.5487164437,arima
1971-05-09 00:00:00.000001959,410961.3333333306,354308.2980111889,467614.36865547224,arima
1971-05-10 00:00:00.000001959,411655.6666666639,354945.20301216707,468366.1303211607,arima
1971-05-11 00:00:00.000001959,412349.9999999972,355582.1661096313,469117.8338903631,arima
1971-05-12 00:00:00.000001959,413044.3333333305,356219.1871276203,469869.47953904077,arima
1971-05-13 00:00:00.000001959,413738.66666666383,356856.2658910591,470621.06744226854,arima
1971-05-14 00:00:00.000001959,414432.99999999715,357493.40222575323,471372.59777424106,arima
1971-05-15 00:00:00.000001959,415127.33333333046,358130.59595838195,472124.070708279,arima
1971-05-16 00:00:00.000001959,415821.6666666638,358767.84691649256,472875.486416835,arima
1971-05-17 00:00:00.000001959,416515.9999999971,359405.1549284943,473626.8450714999,arima
1971-05-18 00:00:00.000001959,417210.3333333304,360042.51982365205,474378.14684300876,arima
1971-05-19 00:00:00.000001959,417904.6666666637,360679.9414320806,475129.39190124685,arima
1971-05-20 00:00:00.000001959,418598.99999999703,361317.41958473873,475880.58041525533,arima
1971-05-21 00:00:00.000001959,419293.33333333035,361954.95411342324,476631.71255323745,arima
1971-05-22 00:00:00.000001959,419987.66666666366,362592.5448507633,477382.78848256404,arima
1971-05-23 00:00:00.000001959,420681.999999997,363230.19163021445,478133.8083697795,arima
1971-05-24 00:00:00.000001959,421376.3333333303,363867.8942860532,478884.7723806074,arima
1971-05-25 00:00:00.000001959,422070.6666666636,364505.65265337116,479635.68067995604,arima
1971-05-26 00:00:00.000001959,422764.9999999969,365143.46656806953,480386.5334319243,arima
1971-05-27 00:00:00.000001959,423459.3333333302,365781.33586685354,481137.3307998069,arima
1971-05-28 00:00:00.000001959,424153.66666666354,366419.2603872268,481888.07294610026,arima
1971-05-29 00:00:00.000001959,424847.99999999686,367057.2399674862,482638.76003250753,arima
1971-05-30 00:00:00.000001959,425542.33333333017,367695.274446716,483389.39221994433,arima
1971-05-31 00:00:00.000001959,426236.6666666635,368333.3636647831,484139.9696685439,arima
1971-06-01 00:00:00.000001959,426930.9999999968,368971.507462331,484890.4925376626,arima
1971-06-02 00:00:00.000001959,427625.3333333301,369609.70568077505,485640.9609858852,arima
1971-06-03 00:00:00.000001959,428319.6666666634,370247.95816229715,486391.3751710297,arima
1971-06-04 00:00:00.000001959,429013.99999999674,370886.26474984054,487141.73525015294,arima
1971-06-05 00:00:00.000001959,429708.33333333005,371524.6252871044,487892.0413795557,arima
1971-06-06 00:00:00.000001959,430402.66666666337,372163.0396185392,488642.2937147875,arima
1971-06-07 00:00:00.000001959,431096.9999999967,372801.50758934143,489392.49241065193,arima
1971-06-08 00:00:00.000001959,431791.33333333,373440.0290454485,490142.63762121147,arima
1971-06-09 00:00:00.000001959,432485.6666666633,374078.6038335341,490892.7294997925,arima
1971-06-10 00:00:00.000001959,433179.9999999966,374717.23180100287,491642.7681989904,arima
1971-06-11 00:00:00.000001959,433874.33333332994,375355.91279598593,492392.75387067394,arima
1971-06-12 00:00:00.000001959,434568.66666666325,375994.64666733576,493142.68666599074,arima
1971-06-13 00:00:00.000001959,435262.99999999657,376633.43326462165,493892.5667353715,arima
1971-06-14 00:00:00.000001959,435957.3333333299,377272.2724381246,494642.3942285352,arima
1971-06-15 00:00:00.000001959,436651.6666666632,377911.164038833,495392.1692944934,arima
1971-06-16 00:00:00.000001959,437345.9999999965,378550.1079184378,496141.8920815552,arima
1971-06-17 00:00:00.000001959,438040.3333333298,379189.10392932786,496891.5627373318,arima
1971-06-18 00:00:00.000001959,438734.66666666314,379828.1519245853,497641.181408741,arima
1971-06-19 00:00:00.000001959,439428.99999999645,380467.2517579811,498390.7482420118,arima
1971-06-20 00:00:00.000001959,440123.33333332976,381106.40328397043,499140.2633826891,arima
1971-06-21 00:00:00.000001959,440817.6666666631,381745.6063576884,499889.7269756378,arima
1971-06-22 00:00:00.000001959,441511.9999999964,382384.86083494534,500639.13916504744,arima
1971-06-23 00:00:00.000001959,442206.3333333297,383024.16657222266,501388.50009443675,arima
1971-06-24 00:00:00.000001959,442900.666666663,383663.52342666825,502137.8099066578,arima
1971-06-25 00:00:00.000001959,443594.99999999633,384302.93125609244,502887.0687439002,arima
1971-06-26 00:00:00.000001959,444289.33333332965,384942.38991896337,503636.2767476959,arima
1971-06-27 00:00:00.000001959,444983.66666666296,385581.89927440294,504385.434058923,arima
1971-06-28 00:00:00.000001959,445677.9999999963,386221.4591821827,505134.5408178099,arima
1971-06-29 00:00:00.000001959,446372.3333333296,386861.06950271927,505883.5971639399,arima
1971-06-30 00:00:00.000001959,447066.6666666629,387500.73009707074,506632.60323625506,arima
1971-07-01 00:00:00.000001959,447760.9999999962,388140.4408269321,507381.55917306035,arima
1971-07-02 00:00:00.000001959,448455.33333332953,388780.2015546312,508130.4651120279,arima
1971-07-03 00:00:00.000001959,449149.66666666284,389420.012143125,508879.3211902007,arima
1971-07-04 00:00:00.000001959,449843.99999999616,390059.87245599536,509628.12754399696,arima
1971-07-05 00:00:00.000001959,450538.3333333295,390699.782357445,510376.88430921396,arima
1971-07-06 00:00:00.000001959,451232.6666666628,391339.74171229365,511125.5916210319,arima
1971-07-07 00:00:00.000001959,451926.9999999961,391979.75038597407,511874.24961401813,arima
1971-07-08 00:00:00.000001959,452621.3333333294,392619.80824452825,512622.8584221306,arima
1971-07-09 00:00:00.000001959,453315.6666666627,393259.9151546035,513371.418178722,arima
1971-07-10 00:00:00.000001959,454009.99999999604,393900.0709834486,514119.9290165435,arima
1971-07-11 00:00:00.000001959,454704.33333332936,394540.27559891,514868.3910677487,arima
1971-07-12 00:00:00.000001959,455398.66666666267,395180.5288694282,515616.80446389713,arima
1971-07-13 00:00:00.000001959,456092.999999996,395820.83066403394,516365.169335958,arima
1971-07-14 00:00:00.000001959,456787.3333333293,396461.18085234426,517113.48581431434,arima
1971-07-15 00:00:00.000001959,457481.6666666626,397101.57930455933,517861.7540287659,arima
1971-07-16 00:00:00.000001959,458175.9999999959,397742.0258914583,518609.9741085335,arima
1971-07-17 00:00:00.000001959,458870.33333332924,398382.5204843961,519358.1461822624,arima
1971-07-18 00:00:00.000001959,459564.66666666255,399023.06295529945,520106.27037802566,arima
1971-07-19 00:00:00.000001959,460258.99999999587,399663.65317666373,520854.346823328,arima
1971-07-20 00:00:00.000001959,460953.3333333292,400304.2910215492,521602.37564510916,arima
1971-07-21 00:00:00.000001959,461647.6666666625,400944.97636357753,522350.35696974746,arima
1971-07-22 00:00:00.000001959,462341.9999999958,401585.7090769283,523098.2909230633,arima
1971-07-23 00:00:00.000001959,463036.3333333291,402226.48903633567,523846.1776303226,arima
1971-07-24 00:00:00.000001959,463730.66666666244,402867.31611708493,524594.0172162399,arima
1971-07-25 00:00:00.000001959,464424.99999999575,403508.19019500905,525341.8098049825,arima
1971-07-26 00:00:00.000001959,465119.33333332906,404149.1111464853,526089.5555201728,arima
1971-07-27 00:00:00.000001959,465813.6666666624,404790.07884843205,526837.2544848927,arima
1971-07-28 00:00:00.000001959,466507.9999999957,405431.0931783054,527584.906821686,arima
1971-07-29 00:00:00.000001959,467202.333333329,406072.1540140958,528332.5126525622,arima
1971-07-30 00:00:00.000001959,467896.6666666623,406713.2612343249,529080.0720989997,arima
1971-07-31 00:00:00.000001959,468590.99999999563,407354.4147180423,529827.585281949,arima
1971-08-01 00:00:00.000001959,469285.33333332895,407995.61434482224,530575.0523218357,arima
1971-08-02 00:00:00.000001959,469979.66666666226,408636.8599947607,531322.4733385638,arima
1971-08-03 00:00:00.000001959,470673.9999999956,409278.15154847194,532069.8484515192,arima
1971-08-04 00:00:00.000001959,471368.3333333289,409919.4888870854,532817.1777795723,arima
1971-08-05 00:00:00.000001959,472062.6666666622,410560.87189224287,533564.4614410816,arima
1971-08-06 00:00:00.000001959,472756.9999999955,411202.30044609495,534311.6995538961,arima
1971-08-07 00:00:00.000001959,473451.33333332883,411843.7744312985,535058.8922353592,arima
1971-08-08 00:00:00.000001959,474145.66666666215,412485.2937310132,535806.0396023111,arima
1971-08-09 00:00:00.000001959,474839.99999999546,413126.8582288988,536553.1417710921,arima
1971-08-10 00:00:00.000001959,475534.3333333288,413768.46780911187,537300.1988575456,arima
1971-08-11 00:00:00.000001959,476228.6666666621,414410.1223563031,538047.210977021,arima
1971-08-12 00:00:00.000001959,476922.9999999954,415051.82175561425,538794.1782443766,arima
1971-08-13 00:00:00.000001959,477617.3333333287,415693.5658926751,539541.1007739824,arima
1971-08-14 00:00:00.000001959,478311.66666666203,416335.3546536007,540287.9786797233,arima
1971-08-15 00:00:00.000001959,479005.99999999534,416977.1879249886,541034.812075002,arima
1971-08-16 00:00:00.000001959,479700.33333332866,417619.06559391576,541781.6010727416,arima
1971-08-17 00:00:00.000001959,480394.666666662,418260.98754793574,542528.3457853883,arima
1971-08-18 00:00:00.000001959,481088.9999999953,418902.953675076,543275.0463249146,arima
1971-08-19 00:00:00.000001959,481783.3333333286,419544.96386383515,544021.7028028221,arima
1971-08-20 00:00:00.000001959,482477.6666666619,420187.0180031799,544768.3153301439,arima
1971-08-21 00:00:00.000001959,483171.9999999952,420829.11598254286,545514.8840174476,arima
1971-08-22 00:00:00.000001959,483866.33333332854,421471.2576918191,546261.408974838,arima
1971-08-23 00:00:00.000001959,484560.66666666185,422113.4430213639,547007.8903119598,arima
1971-08-24 00:00:00.000001959,485254.99999999517,422755.6718619901,547754.3281380002,arima
1971-08-25 00:00:00.000001959,485949.3333333285,423397.94410496525,548500.7225616918,arima
1971-08-26 00:00:00.000001959,486643.6666666618,424040.25964200887,549247.0736913148,arima
1971-08-27 00:00:00.000001959,487337.9999999951,424682.61836529005,549993.3816347001,arima
1971-08-28 00:00:00.000001959,488032.3333333284,425325.0201674248,550739.646499232,arima
1971-08-29 00:00:00.000001959,488726.66666666174,425967.46494147344,551485.86839185,arima
1971-08-30 00:00:00.000001959,489420.99999999505,426609.9525809379,552232.0474190522,arima
1971-08-31 00:00:00.000001959,490115.33333332837,427252.48297975934,552978.1836868974,arima
1971-09-01 00:00:00.000001959,490809.6666666617,427895.0560323155,553724.2773010079,arima
1971-09-02 00:00:00.000001959,491503.999999995,428537.6716334183,554470.3283665717,arima
1971-09-03 00:00:00.000001959,492198.3333333283,429180.32967831136,555216.3369883453,arima
1971-09-04 00:00:00.000001959,492892.6666666616,429823.0300626673,555962.3032706559,arima
1971-09-05 00:00:00.000001959,493586.99999999494,430465.7726825856,556708.2273174044,arima
1971-09-06 00:00:00.000001959,494281.33333332825,431108.5574345897,557454.1092320668,arima
1971-09-07 00:00:00.000001959,494975.66666666156,431751.38421562535,558199.9491176978,arima
1971-09-08 00:00:00.000001959,495669.9999999949,432394.2529230573,558945.7470769325,arima
1971-09-09 00:00:00.000001959,496364.3333333282,433037.16345466755,559691.5032119888,arima
1971-09-10 00:00:00.000001959,497058.6666666615,433680.1157086527,560437.2176246704,arima
1971-09-11 00:00:00.000001959,497752.9999999948,434323.10958362184,561182.8904163678,arima
1971-09-12 00:00:00.000001959,498447.33333332813,434966.1449785938,561928.5216880625,arima
1971-09-13 00:00:00.000001959,499141.66666666145,435609.2217929953,562674.1115403275,arima
1971-09-14 00:00:00.000001959,499835.99999999476,436252.3399266583,563419.6600733312,arima
1971-09-15 00:00:00.000001959,500530.3333333281,436895.499279818,564165.1673868381,arima
1971-09-16 00:00:00.000001959,501224.6666666614,437538.6997531102,564910.6335802126,arima
1971-09-17 00:00:00.000001959,501918.9999999947,438181.94124756946,565656.0587524199,arima
1971-09-18 00:00:00.000001959,502613.333333328,438825.2236646266,566401.4430020294,arima
1971-09-19 00:00:00.000001959,503307.66666666133,439468.54690610664,567146.786427216,arima
1971-09-20 00:00:00.000001959,504001.99999999464,440111.91087422636,567892.0891257629,arima
1971-09-21 00:00:00.000001959,504696.33333332796,440755.31547159236,568637.3511950636,arima
1971-09-22 00:00:00.000001959,505390.6666666613,441398.76060119894,569382.5727321237,arima
1971-09-23 00:00:00.000001959,506084.9999999946,442042.2461664255,570127.7538335636,arima
1971-09-24 00:00:00.000001959,506779.3333333279,442685.77207103494,570872.8945956208,arima
1971-09-25 00:00:00.000001959,507473.6666666612,443329.3382191713,571617.9951141512,arima
1971-09-26 00:00:00.000001959,508167.9999999945,443972.94451535743,572363.0554846317,arima
1971-09-27 00:00:00.000001959,508862.33333332784,444616.59086449334,573108.0758021624,arima
1971-09-28 00:00:00.000001959,509556.66666666116,445260.27717185376,573853.0561614685,arima
1971-09-29 00:00:00.000001959,510250.99999999447,445904.00334308634,574597.9966569026,arima
1971-09-30 00:00:00.000001959,510945.3333333278,446547.7692842093,575342.8973824463,arima
1971-10-01 00:00:00.000001959,511639.6666666611,447191.5749016097,576087.7584317125,arima
1971-10-02 00:00:00.000001959,512333.9999999944,447835.42010204116,576832.5798979477,arima
1971-10-03 00:00:00.000001959,513028.3333333277,448479.3047926221,577577.3618740333,arima
1971-10-04 00:00:00.000001959,513722.66666666104,449123.2288808335,578322.1044524886,arima
1971-10-05 00:00:00.000001959,514416.99999999435,449767.19227451715,579066.8077254716,arima
1971-10-06 00:00:00.000001959,515111.33333332767,450411.19488187344,579811.4717847819,arima
1971-10-07 00:00:00.000001959,515805.666666661,451055.2366114597,580556.0967218622,arima
1971-10-08 00:00:00.000001959,516499.9999999943,451699.317372188,581300.6826278006,arima
1971-10-09 00:00:00.000001959,517194.3333333276,452343.4370733232,582045.229593332,arima
1971-10-10 00:00:00.000001959,517888.6666666609,452987.59562448144,582789.7377088404,arima
1971-10-11 00:00:00.000001959,518582.99999999424,453631.79293562786,583534.2070643606,arima
1971-10-12 00:00:00.000001959,519277.33333332755,454276.0289170747,584278.6377495803,arima
1971-10-13 00:00:00.000001959,519971.66666666087,454920.3034794798,585023.029853842,arima
1971-10-14 00:00:00.000001959,520665.9999999942,455564.6165338442,585767.3834661442,arima
1971-10-15 00:00:00.000001959,521360.3333333275,456208.96799151076,586511.6986751442,arima
1971-10-16 00:00:00.000001959,522054.6666666608,456853.3577641622,587255.9755691595,arima
1971-10-17 00:00:00.000001959,522748.9999999941,457497.78576381906,588000.2142361692,arima
1971-10-18 00:00:00.000001959,523443.33333332743,458142.2519028382,588744.4147638166,arima
1971-10-19 00:00:00.000001959,524137.66666666075,458786.75609391084,589488.5772394107,arima
1971-10-20 00:00:00.000001959,524831.9999999941,459431.29825006076,590232.7017499274,arima
1971-10-21 00:00:00.000001959,525526.3333333274,460075.8782846427,590976.7883820122,arima
1971-10-22 00:00:00.000001959,526220.6666666608,460720.49611134036,591720.8372219813,arima
1971-10-23 00:00:00.000001959,526914.9999999942,461365.1516441647,592464.8483558237,arima
1971-10-24 00:00:00.000001959,527609.3333333276,462009.84479745245,593208.8218692027,arima
1971-10-25 00:00:00.000001959,528303.6666666609,462654.5754858641,593952.7578474578,arima
1971-10-26 00:00:00.000001959,528997.9999999943,463299.3436243822,594696.6563756063,arima
1971-10-27 00:00:00.000001959,529692.3333333277,463944.1491283101,595440.5175383452,arima
1971-10-28 00:00:00.000001959,530386.666666661,464588.9919132695,596184.3414200526,arima
1971-10-29 00:00:00.000001959,531080.9999999944,465233.8718951995,596928.1281047893,arima
1971-10-30 00:00:00.000001959,531775.3333333278,465878.7889903546,597671.8776763009,arima
1971-10-31 00:00:00.000001959,532469.6666666612,466523.74311530276,598415.5902180196,arima
1971-11-01 00:00:00.000001959,533163.9999999945,467168.73418692447,599159.2658130646,arima
1971-11-02 00:00:00.000001959,533858.3333333279,467813.76212241047,599902.9045442453,arima
1971-11-03 00:00:00.000001959,534552.6666666613,468458.8268392604,600646.5064940621,arima
1971-11-04 00:00:00.000001959,535246.9999999946,469103.92825528135,601390.0717447079,arima
1971-11-05 00:00:00.000001959,535941.333333328,469749.0662885859,602133.6003780701,arima
1971-11-06 00:00:00.000001959,536635.6666666614,470394.24085759063,602877.0924757322,arima
1971-11-07 00:00:00.000001959,537329.9999999948,471039.4518810148,603620.5481189748,arima
1971-11-08 00:00:00.000001959,538024.3333333281,471684.6992778785,604363.9673887778,arima
1971-11-09 00:00:00.000001959,538718.6666666615,472329.9829675013,605107.3503658217,arima
1971-11-10 00:00:00.000001959,539412.9999999949,472975.3028695004,605850.6971304893,arima
1971-11-11 00:00:00.000001959,540107.3333333282,473620.65890378953,606594.007762867,arima
1971-11-12 00:00:00.000001959,540801.6666666616,474266.0509905769,607337.2823427464,arima
1971-11-13 00:00:00.000001959,541495.999999995,474911.4790503642,608080.5209496258,arima
1971-11-14 00:00:00.000001959,542190.3333333284,475556.94300394476,608823.7236627119,arima
1971-11-15 00:00:00.000001959,542884.6666666617,476202.4427724022,609566.8905609213,arima
1971-11-16 00:00:00.000001959,543578.9999999951,476847.97827710875,610310.0217228815,arima
1971-11-17 00:00:00.000001959,544273.3333333285,477493.54943972407,611053.1172269329,arima
1971-11-18 00:00:00.000001959,544967.6666666619,478139.15618219366,611796.17715113,arima
1971-11-19 00:00:00.000001959,545661.9999999952,478784.7984267472,612539.2015732432,arima
1971-11-20 00:00:00.000001959,546356.3333333286,479430.4760958975,613282.1905707597,arima
1971-11-21 00:00:00.000001959,547050.666666662,480076.1891124385,614025.1442208855,arima
1971-11-22 00:00:00.000001959,547744.9999999953,480721.9373994445,614768.0626005462,arima
1971-11-23 00:00:00.000001959,548439.3333333287,481367.7208802683,615510.945786389,arima
1971-11-24 00:00:00.000001959,549133.6666666621,482013.5394785399,616253.7938547842,arima
1971-11-25 00:00:00.000001959,549827.9999999955,482659.3931181651,616996.6068818258,arima
1971-11-26 00:00:00.000001959,550522.3333333288,483305.2817233241,617739.3849433336,arima
1971-11-27 00:00:00.000001959,551216.6666666622,483951.2052184702,618482.1281148542,arima
1971-11-28 00:00:00.000001959,551910.9999999956,484597.1635283282,619224.836471663,arima
1971-11-29 00:00:00.000001959,552605.333333329,485243.15657789336,619967.5100887646,arima
1971-11-30 00:00:00.000001959,553299.6666666623,485889.18429242977,620710.1490408949,arima
1971-12-01 00:00:00.000001959,553993.9999999957,486535.24659746914,621452.7534025223,arima
1971-12-02 00:00:00.000001959,554688.3333333291,487181.3434188094,622195.3232478488,arima
1971-12-03 00:00:00.000001959,555382.6666666624,487827.4746825134,622937.8586508115,arima
1971-12-04 00:00:00.000001959,556076.9999999958,488473.64031490765,623680.359685084,arima
1971-12-05 00:00:00.000001959,556771.3333333292,489119.84024258086,624422.8264240775,arima
1971-12-06 00:00:00.000001959,557465.6666666626,489766.07439238264,625165.2589409425,arima
1971-12-07 00:00:00.000001959,558159.9999999959,490412.34269142244,625907.6573085694,arima
1971-12-08 00:00:00.000001959,558854.3333333293,491058.64506706793,626650.0215995907,arima
1971-12-09 00:00:00.000001959,559548.6666666627,491704.9814469442,627392.3518863812,arima
1971-12-10 00:00:00.000001959,560242.999999996,492351.35175893165,628134.6482410604,arima
1971-12-11 00:00:00.000001959,560937.3333333294,492997.7559311657,628876.9107354932,arima
1971-12-12 00:00:00.000001959,561631.6666666628,493644.19389203493,629619.1394412906,arima
1971-12-13 00:00:00.000001959,562325.9999999962,494290.66557017993,630361.3344298124,arima
1971-12-14 00:00:00.000001959,563020.3333333295,494937.17089449224,631103.4957721669,arima
1971-12-15 00:00:00.000001959,563714.6666666629,495583.70979411283,631845.623539213,arima
1971-12-16 00:00:00.000001959,564408.9999999963,496230.2821984312,632587.7178015613,arima
1971-12-17 00:00:00.000001959,565103.3333333296,496876.88803708385,633329.7786295754,arima
1971-12-18 00:00:00.000001959,565797.666666663,497523.5272399534,634071.8060933726,arima
1971-12-19 00:00:00.000001959,566491.9999999964,498170.199737167,634813.8002628258,arima
1971-12-20 00:00:00.000001959,567186.3333333298,498816.90545909543,635555.761207564,arima
1971-12-21 00:00:00.000001959,567880.6666666631,499463.64433635195,636297.6889969744,arima
1971-12-22 00:00:00.000001959,568574.9999999965,500110.41629979084,637039.5837002022,arima
1971-12-23 00:00:00.000001959,569269.3333333299,500757.2212805064,637781.4453861534,arima
1971-12-24 00:00:00.000001959,569963.6666666633,501404.0592098319,638523.2741234946,arima
1971-12-25 00:00:00.000001959,570657.9999999966,502050.93001933803,639265.0699806552,arima
1971-12-26 00:00:00.000001959,571352.33333333,502697.8336408324,640006.8330258275,arima
1971-12-27 00:00:00.000001959,572046.6666666634,503344.7700063577,640748.563326969,arima
1971-12-28 00:00:00.000001959,572740.9999999967,503991.7390481909,641490.2609518026,arima
1971-12-29 00:00:00.000001959,573435.3333333301,504638.7406988423,642231.9259678179,arima
1971-12-30 00:00:00.000001959,574129.6666666635,505285.77489105397,642973.558442273,arima
1971-12-31 00:00:00.000001959,574823.9999999969,505932.841557799,643715.1584421947,arima
1972-01-01 00:00:00.000001959,575518.3333333302,506579.9406322803,644456.7260343801,arima
1972-01-02 00:00:00.000001959,576212.6666666636,507227.0720479293,645198.2612853979,arima
1972-01-03 00:00:00.000001959,576906.999999997,507874.2357384051,645939.7642615888,arima
1972-01-04 00:00:00.000001959,577601.3333333303,508521.4316375933,646681.2350290674,arima
1972-01-05 00:00:00.000001959,578295.6666666637,509168.65967960504,647422.6736537224,arima
1972-01-06 00:00:00.000001959,578989.9999999971,509815.9197987756,648164.0802012186,arima
1972-01-07 00:00:00.000001959,579684.3333333305,510463.21192966355,648905.4547369974,arima
1972-01-08 00:00:00.000001959,580378.6666666638,511110.5360070497,649646.7973262779,arima
1972-01-09 00:00:00.000001959,581072.9999999972,511757.8919659363,650388.1080340581,arima
1972-01-10 00:00:00.000001959,581767.3333333306,512405.2797415452,651129.386925116,arima
1972-01-11 00:00:00.000001959,582461.666666664,513052.6992693177,651870.6340640102,arima
1972-01-12 00:00:00.000001959,583155.9999999973,513700.1504849129,652611.8495150817,arima
1972-01-13 00:00:00.000001959,583850.3333333307,514347.63332420716,653353.0333424542,arima
1972-01-14 00:00:00.000001959,584544.6666666641,514995.1477232926,654094.1856100356,arima
1972-01-15 00:00:00.000001959,585238.9999999974,515642.6936184763,654835.3063815186,arima
1972-01-16 00:00:00.000001959,585933.3333333308,516290.2709462794,655576.3957203822,arima
1972-01-17 00:00:00.000001959,586627.6666666642,516937.879643436,656317.4536898923,arima
1972-01-18 00:00:00.000001959,587321.9999999976,517585.51964689203,657058.4803531031,arima
1972-01-19 00:00:00.000001959,588016.3333333309,518233.1908938044,657799.4757728574,arima
1972-01-20 00:00:00.000001959,588710.6666666643,518880.8933215401,658540.4400117885,arima
1972-01-21 00:00:00.000001959,589404.9999999977,519528.626867675,659281.3731323204,arima
1972-01-22 00:00:00.000001959,590099.333333331,520176.391469993,660022.2751966692,arima
1972-01-23 00:00:00.000001959,590793.6666666644,520824.187066485,660763.1462668439,arima
1972-01-24 00:00:00.000001959,591487.9999999978,521472.01359534805,661503.9864046476,arima
1972-01-25 00:00:00.000001959,592182.3333333312,522119.87099498435,662244.795671678,arima
1972-01-26 00:00:00.000001959,592876.6666666645,522767.7592040001,662985.574129329,arima
1972-01-27 00:00:00.000001959,593570.9999999979,523415.678161205,663726.3218387908,arima
1972-01-28 00:00:00.000001959,594265.3333333313,524063.6278056108,664467.0388610518,arima
1972-01-29 00:00:00.000001959,594959.6666666646,524711.6080764306,665207.7252568987,arima
1972-01-30 00:00:00.000001959,595653.999999998,525359.6189130781,665948.381086918,arima
1972-01-31 00:00:00.000001959,596348.3333333314,526007.6602551664,666689.0064114964,arima
1972-02-01 00:00:00.000001959,597042.6666666648,526655.732042507,667429.6012908225,arima
1972-02-02 00:00:00.000001959,597736.9999999981,527303.8342151094,668170.1657848869,arima
1972-02-03 00:00:00.000001959,598431.3333333315,527951.9667131795,668910.6999534835,arima
1972-02-04 00:00:00.000001959,599125.6666666649,528600.1294771193,669651.2038562105,arima
1972-02-05 00:00:00.000001959,599819.9999999983,529248.3224475258,670391.6775524707,arima
1972-02-06 00:00:00.000001959,600514.3333333316,529896.5455651898,671132.1211014735,arima
1972-02-07 00:00:00.000001959,601208.666666665,530544.7987710956,671872.5345622344,arima
1972-02-08 00:00:00.000001959,601902.9999999984,531193.0820064194,672612.9179935773,arima
1972-02-09 00:00:00.000001959,602597.3333333317,531841.3952125293,673353.2714541341,arima
1972-02-10 00:00:00.000001959,603291.6666666651,532489.7383309836,674093.5950023467,arima
1972-02-11 00:00:00.000001959,603985.9999999985,533138.1113035302,674833.8886964668,arima
1972-02-12 00:00:00.000001959,604680.3333333319,533786.5140721061,675574.1525945576,arima
1972-02-13 00:00:00.000001959,605374.6666666652,534434.9465788364,676314.386754494,arima
1972-02-14 00:00:00.000001959,606068.9999999986,535083.4087660329,677054.5912339643,arima
1972-02-15 00:00:00.000001959,606763.333333332,535731.9005761938,677794.7660904701,arima
1972-02-16 00:00:00.000001959,607457.6666666653,536380.4219520028,678534.9113813279,arima
1972-02-17 00:00:00.000001959,608151.9999999987,537028.9728363284,679275.027163669,arima
1972-02-18 00:00:00.000001959,608846.3333333321,537677.5531722225,680015.1134944417,arima
1972-02-19 00:00:00.000001959,609540.6666666655,538326.1629029199,680755.170430411,arima
1972-02-20 00:00:00.000001959,610234.9999999988,538974.801971838,681495.1980281597,arima
1972-02-21 00:00:00.000001959,610929.3333333322,539623.4703225751,682235.1963440893,arima
1972-02-22 00:00:00.000001959,611623.6666666656,540272.1678989099,682975.1654344213,arima
1972-02-23 00:00:00.000001959,612317.999999999,540920.8946448012,683715.1053551967,arima
1972-02-24 00:00:00.000001959,613012.3333333323,541569.6505043863,684455.0161622784,arima
1972-02-25 00:00:00.000001959,613706.6666666657,542218.4354219807,685194.8979113507,arima
1972-02-26 00:00:00.000001959,614400.9999999991,542867.2493420773,685934.7506579208,arima
1972-02-27 00:00:00.000001959,615095.3333333324,543516.0922093453,686674.5744573196,arima
1972-02-28 00:00:00.000001959,615789.6666666658,544164.9639686297,687414.3693647019,arima
1972-02-29 00:00:00.000001959,616483.9999999992,544813.8645649503,688154.135435048,arima
1972-03-01 00:00:00.000001959,617178.3333333326,545462.7939435015,688893.8727231636,arima
1972-03-02 00:00:00.000001959,617872.6666666659,546111.7520496505,689633.5812836813,arima
1972-03-03 00:00:00.000001959,618566.9999999993,546760.7388289374,690373.2611710612,arima
1972-03-04 00:00:00.000001959,619261.3333333327,547409.7542270742,691112.9124395911,arima
1972-03-05 00:00:00.000001959,619955.666666666,548058.7981899439,691852.5351433882,arima
1972-03-06 00:00:00.000001959,620649.9999999994,548707.8706635998,692592.129336399,arima
1972-03-07 00:00:00.000001959,621344.3333333328,549356.9715942648,693331.6950724007,arima
1972-03-08 00:00:00.000001959,622038.6666666662,550006.1009283308,694071.2324050015,arima
1972-03-09 00:00:00.000001959,622732.9999999995,550655.2586123578,694810.7413876413,arima
1972-03-10 00:00:00.000001959,623427.3333333329,551304.4445930728,695550.2220735931,arima
1972-03-11 00:00:00.000001959,624121.6666666663,551953.6588173698,696289.6745159627,arima
1972-03-12 00:00:00.000001959,624815.9999999997,552602.9012323087,697029.0987676906,arima
1972-03-13 00:00:00.000001959,625510.333333333,553252.1717851144,697768.4948815516,arima
1972-03-14 00:00:00.000001959,626204.6666666664,553901.4704231764,698507.8629101564,arima
1972-03-15 00:00:00.000001959,626898.9999999998,554550.7970940478,699247.2029059518,arima
1972-03-16 00:00:00.000001959,627593.3333333331,555200.1517454449,699986.5149212214,arima
1972-03-17 00:00:00.000001959,628287.6666666665,555849.5343252461,700725.7990080869,arima
1972-03-18 00:00:00.000001959,628981.9999999999,556498.9447814918,701465.055218508,arima
1972-03-19 00:00:00.000001959,629676.3333333333,557148.3830623827,702204.2836042838,arima
1972-03-20 00:00:00.000001959,630370.6666666666,557797.8491162804,702943.4842170528,arima
1972-03-21 00:00:00.000001959,631065.0,558447.3428917057,703682.6571082943,arima
1972-03-22 00:00:00.000001959,631759.3333333334,559096.864337338,704421.8023293287,arima
1972-03-23 00:00:00.000001959,632453.6666666667,559746.4134020153,705160.9199313181,arima
1972-03-24 00:00:00.000001959,633148.0000000001,560395.990034733,705900.0099652673,arima
1972-03-25 00:00:00.000001959,633842.3333333335,561045.5941846429,706639.0724820241,arima
1972-03-26 00:00:00.000001959,634536.6666666669,561695.2258010533,707378.1075322804,arima
1972-03-27 00:00:00.000001959,635231.0000000002,562344.884833428,708117.1151665725,arima
1972-03-28 00:00:00.000001959,635925.3333333336,562994.5712313851,708856.0954352821,arima
1972-03-29 00:00:00.000001959,636619.666666667,563644.2849446973,709595.0483886367,arima
1972-03-30 00:00:00.000001959,637314.0000000003,564294.0259232908,710333.97407671,arima
1972-03-31 00:00:00.000001959,638008.3333333337,564943.794117244,711072.8725494235,arima
1972-04-01 00:00:00.000001959,638702.6666666671,565593.5894767881,711811.7438565461,arima
1972-04-02 00:00:00.000001959,639397.0000000005,566243.4119523055,712550.5880476955,arima
1972-04-03 00:00:00.000001959,640091.3333333338,566893.2614943295,713289.4051723381,arima
1972-04-04 00:00:00.000001959,640785.6666666672,567543.1380535437,714028.1952797907,arima
1972-04-05 00:00:00.000001959,641480.0000000006,568193.0415807813,714766.9584192198,arima
1972-04-06 00:00:00.000001959,642174.333333334,568842.9720270243,715505.6946396437,arima
1972-04-07 00:00:00.000001959,642868.6666666673,569492.9293434029,716244.4039899318,arima
1972-04-08 00:00:00.000001959,643563.0000000007,570142.9134811952,716983.0865188062,arima
1972-04-09 00:00:00.000001959,644257.3333333341,570792.9243918265,717721.7422748416,arima
1972-04-10 00:00:00.000001959,644951.6666666674,571442.9620268684,718460.3713064665,arima
1972-04-11 00:00:00.000001959,645646.0000000008,572093.026338038,719198.9736619636,arima
1972-04-12 00:00:00.000001959,646340.3333333342,572743.1172771981,719937.5493894703,arima
1972-04-13 00:00:00.000001959,647034.6666666676,573393.2347963561,720676.098536979,arima
1972-04-14 00:00:00.000001959,647729.0000000009,574043.3788476627,721414.6211523392,arima
1972-04-15 00:00:00.000001959,648423.3333333343,574693.5493834129,722153.1172832557,arima
1972-04-16 00:00:00.000001959,649117.6666666677,575343.746356044,722891.5869772914,arima
1972-04-17 00:00:00.000001959,649812.000000001,575993.9697181355,723630.0302818666,arima
1972-04-18 00:00:00.000001959,650506.3333333344,576644.2194224086,724368.4472442602,arima
1972-04-19 00:00:00.000001959,651200.6666666678,577294.4954217253,725106.8379116103,arima
1972-04-20 00:00:00.000001959,651895.0000000012,577944.7976690885,725845.2023309139,arima
1972-04-21 00:00:00.000001959,652589.3333333345,578595.1261176403,726583.5405490288,arima
1972-04-22 00:00:00.000001959,653283.6666666679,579245.4807206625,727321.8526126733,arima
1972-04-23 00:00:00.000001959,653978.0000000013,579895.8614315755,728060.1385684271,arima
1972-04-24 00:00:00.000001959,654672.3333333347,580546.2682039377,728798.3984627316,arima
1972-04-25 00:00:00.000001959,655366.666666668,581196.7009914449,729536.6323418912,arima
1972-04-26 00:00:00.000001959,656061.0000000014,581847.1597479301,730274.8402520727,arima
1972-04-27 00:00:00.000001959,656755.3333333348,582497.6444273627,731013.0222393068,arima
1972-04-28 00:00:00.000001959,657449.6666666681,583148.1549838478,731751.1783494885,arima
1972-04-29 00:00:00.000001959,658144.0000000015,583798.6913716256,732489.3086283774,arima
1972-04-30 00:00:00.000001959,658838.3333333349,584449.2535450713,733227.4131215984,arima
1972-05-01 00:00:00.000001959,659532.6666666683,585099.8414586943,733965.4918746422,arima
1972-05-02 00:00:00.000001959,660227.0000000016,585750.4550671371,734703.5449328661,arima
1972-05-03 00:00:00.000001959,660921.333333335,586401.094325176,735441.572341494,arima
1972-05-04 00:00:00.000001959,661615.6666666684,587051.7591877191,736179.5741456177,arima
1972-05-05 00:00:00.000001959,662310.0000000017,587702.4496098068,736917.5503901967,arima
1972-05-06 00:00:00.000001959,663004.3333333351,588353.1655466108,737655.5011200594,arima
1972-05-07 00:00:00.000001959,663698.6666666685,589003.9069534341,738393.4263799029,arima
1972-05-08 00:00:00.000001959,664393.0000000019,589654.6737857094,739131.3262142943,arima
1972-05-09 00:00:00.000001959,665087.3333333352,590305.4659989997,739869.2006676708,arima
1972-05-10 00:00:00.000001959,665781.6666666686,590956.283548997,740607.0497843402,arima
1972-05-11 00:00:00.000001959,666476.000000002,591607.1263915222,741344.8736084817,arima
1972-05-12 00:00:00.000001959,667170.3333333354,592257.9944825247,742082.672184146,arima
1972-05-13 00:00:00.000001959,667864.6666666687,592908.887778081,742820.4455552564,arima
1972-05-14 00:00:00.000001959,668559.0000000021,593559.8062343954,743558.1937656088,arima
1972-05-15 00:00:00.000001959,669253.3333333355,594210.7498077985,744295.9168588724,arima
1972-05-16 00:00:00.000001959,669947.6666666688,594861.7184547473,745033.6148785903,arima
1972-05-17 00:00:00.000001959,670642.0000000022,595512.7121318243,745771.2878681801,arima
1972-05-18 00:00:00.000001959,671336.3333333356,596163.7307957375,746508.9358709337,arima
1972-05-19 00:00:00.000001959,672030.666666669,596814.774403319,747246.5589300189,arima
1972-05-20 00:00:00.000001959,672725.0000000023,597465.8429115254,747984.1570884793,arima
1972-05-21 00:00:00.000001959,673419.3333333357,598116.936277437,748721.7303892344,arima
1972-05-22 00:00:00.000001959,674113.6666666691,598768.0544582572,749459.278875081,arima
1972-05-23 00:00:00.000001959,674808.0000000024,599419.1974113119,750196.802588693,arima
1972-05-24 00:00:00.000001959,675502.3333333358,600070.3650940494,750934.3015726223,arima
1972-05-25 00:00:00.000001959,676196.6666666692,600721.5574640394,751671.775869299,arima
1972-05-26 00:00:00.000001959,676891.0000000026,601372.7744789731,752409.225521032,arima
1972-05-27 00:00:00.000001959,677585.3333333359,602024.0160966623,753146.6505700096,arima
1972-05-28 00:00:00.000001959,678279.6666666693,602675.2822750389,753884.0510582997,arima
1972-05-29 00:00:00.000001959,678974.0000000027,603326.5729721547,754621.4270278506,arima
1972-05-30 00:00:00.000001959,679668.333333336,603977.8881461808,755358.7785204913,arima
1972-05-31 00:00:00.000001959,680362.6666666694,604629.227755407,756096.1055779319,arima
1972-06-01 00:00:00.000001959,681057.0000000028,605280.5917582414,756833.4082417642,arima
1972-06-02 00:00:00.000001959,681751.3333333362,605931.9801132099,757570.6865534624,arima
1972-06-03 00:00:00.000001959,682445.6666666695,606583.3927789562,758307.9405543829,arima
1972-06-04 00:00:00.000001959,683140.0000000029,607234.8297142404,759045.1702857654,arima
1972-06-05 00:00:00.000001959,683834.3333333363,607886.2908779393,759782.3757887332,arima
1972-06-06 00:00:00.000001959,684528.6666666697,608537.7762290458,760519.5571042935,arima
1972-06-07 00:00:00.000001959,685223.000000003,609189.2857266682,761256.7142733379,arima
1972-06-08 00:00:00.000001959,685917.3333333364,609840.8193300299,761993.8473366429,arima
1972-06-09 00:00:00.000001959,686611.6666666698,610492.376998469,762730.9563348705,arima
1972-06-10 00:00:00.000001959,687306.0000000031,611143.9586914377,763468.0413085686,arima
1972-06-11 00:00:00.000001959,688000.3333333365,611795.564368502,764205.102298171,arima
1972-06-12 00:00:00.000001959,688694.6666666699,612447.1939893414,764942.1393439984,arima
1972-06-13 00:00:00.000001959,689389.0000000033,613098.8475137476,765679.1524862589,arima
1972-06-14 00:00:00.000001959,690083.3333333366,613750.5249016255,766416.1417650478,arima
1972-06-15 00:00:00.000001959,690777.66666667,614402.2261129916,767153.1072203484,arima
1972-06-16 00:00:00.000001959,691472.0000000034,615053.9511079736,767890.0488920332,arima
1972-06-17 00:00:00.000001959,692166.3333333367,615705.699846811,768626.9668198625,arima
1972-06-18 00:00:00.000001959,692860.6666666701,616357.4722898535,769363.8610434867,arima
1972-06-19 00:00:00.000001959,693555.0000000035,617009.268397561,770100.731602446,arima
1972-06-20 00:00:00.000001959,694249.3333333369,617661.0881305034,770837.5785361703,arima
1972-06-21 00:00:00.000001959,694943.6666666702,618312.9314493601,771574.4018839804,arima
1972-06-22 00:00:00.000001959,695638.0000000036,618964.7983149189,772311.2016850883,arima
1972-06-23 00:00:00.000001959,696332.333333337,619616.6886880768,773047.9779785972,arima
1972-06-24 00:00:00.000001959,697026.6666666704,620268.6025298383,773784.7308035024,arima
1972-06-25 00:00:00.000001959,697721.0000000037,620920.5398013162,774521.4601986912,arima
1972-06-26 00:00:00.000001959,698415.3333333371,621572.5004637301,775258.1662029441,arima
1972-06-27 00:00:00.000001959,699109.6666666705,622224.4844784066,775994.8488549343,arima
1972-06-28 00:00:00.000001959,699804.0000000038,622876.4918067788,776731.5081932289,arima
1972-06-29 00:00:00.000001959,700498.3333333372,623528.522410386,777468.1442562884,arima
1972-06-30 00:00:00.000001959,701192.6666666706,624180.5762508727,778204.7570824685,arima
1972-07-01 00:00:00.000001959,701887.000000004,624832.6532899889,778941.346710019,arima
1972-07-02 00:00:00.000001959,702581.3333333373,625484.7534895896,779677.9131770851,arima
1972-07-03 00:00:00.000001959,703275.6666666707,626136.8768116338,780414.4565217076,arima
1972-07-04 00:00:00.000001959,703970.0000000041,626789.0232181848,781150.9767818233,arima
1972-07-05 00:00:00.000001959,704664.3333333374,627441.1926714097,781887.4739952652,arima
1972-07-06 00:00:00.000001959,705358.6666666708,628093.3851335782,782623.9481997634,arima
1972-07-07 00:00:00.000001959,706053.0000000042,628745.6005670635,783360.3994329448,arima
1972-07-08 00:00:00.000001959,706747.3333333376,629397.838934341,784096.8277323341,arima
1972-07-09 00:00:00.000001959,707441.6666666709,630050.100197988,784833.2331353539,arima
1972-07-10 00:00:00.000001959,708136.0000000043,630702.3843206837,785569.615679325,arima
1972-07-11 00:00:00.000001959,708830.3333333377,631354.6912652082,786305.9754014672,arima
1972-07-12 00:00:00.000001959,709524.666666671,632007.0209944431,787042.312338899,arima
1972-07-13 00:00:00.000001959,710219.0000000044,632659.37347137,787778.6265286389,arima
1972-07-14 00:00:00.000001959,710913.3333333378,633311.7486590708,788514.9180076048,arima
1972-07-15 00:00:00.000001959,711607.6666666712,633964.1465207273,789251.186812615,arima
1972-07-16 00:00:00.000001959,712302.0000000045,634616.5670196203,789987.4329803888,arima
1972-07-17 00:00:00.000001959,712996.3333333379,635269.01011913,790723.6565475458,arima
1972-07-18 00:00:00.000001959,713690.6666666713,635921.475782735,791459.8575506075,arima
1972-07-19 00:00:00.000001959,714385.0000000047,636573.9639740123,792196.036025997,arima
1972-07-20 00:00:00.000001959,715079.333333338,637226.4746566366,792932.1920100395,arima
1972-07-21 00:00:00.000001959,715773.6666666714,637879.0077943802,793668.3255389626,arima
1972-07-22 00:00:00.000001959,716468.0000000048,638531.5633511125,794404.436648897,arima
1972-07-23 00:00:00.000001959,717162.3333333381,639184.1412908001,795140.5253758762,arima
1972-07-24 00:00:00.000001959,717856.6666666715,639836.7415775051,795876.5917558379,arima
1972-07-25 00:00:00.000001959,718551.0000000049,640489.3641753868,796612.6358246229,arima
1972-07-26 00:00:00.000001959,719245.3333333383,641142.0090486994,797348.6576179771,arima
1972-07-27 00:00:00.000001959,719939.6666666716,641794.6761617926,798084.6571715507,arima
1972-07-28 00:00:00.000001959,720634.000000005,642447.3654791113,798820.6345208987,arima
1972-07-29 00:00:00.000001959,721328.3333333384,643100.0769651949,799556.5897014819,arima
1972-07-30 00:00:00.000001959,722022.6666666718,643752.8105846772,800292.5227486663,arima
1972-07-31 00:00:00.000001959,722717.0000000051,644405.5663022856,801028.4336977246,arima
1972-08-01 00:00:00.000001959,723411.3333333385,645058.3440828415,801764.3225838355,arima
1972-08-02 00:00:00.000001959,724105.6666666719,645711.1438912594,802500.1894420843,arima
1972-08-03 00:00:00.000001959,724800.0000000052,646363.9656925466,803236.0343074639,arima
1972-08-04 00:00:00.000001959,725494.3333333386,647016.8094518029,803971.8572148744,arima
1972-08-05 00:00:00.000001959,726188.666666672,647669.6751342206,804707.6581991233,arima
1972-08-06 00:00:00.000001959,726883.0000000054,648322.5627050835,805443.4372949272,arima
1972-08-07 00:00:00.000001959,727577.3333333387,648975.4721297673,806179.1945369102,arima
1972-08-08 00:00:00.000001959,728271.6666666721,649628.4033737385,806914.9299596057,arima
1972-08-09 00:00:00.000001959,728966.0000000055,650281.3564025547,807650.6435974563,arima
1972-08-10 00:00:00.000001959,729660.3333333388,650934.331181864,808386.3354848137,arima
1972-08-11 00:00:00.000001959,730354.6666666722,651587.3276774046,809122.0056559398,arima
1972-08-12 00:00:00.000001959,731049.0000000056,652240.3458550047,809857.6541450064,arima
1972-08-13 00:00:00.000001959,731743.333333339,652893.3856805819,810593.280986096,arima
1972-08-14 00:00:00.000001959,732437.6666666723,653546.4471201429,811328.8862132018,arima
1972-08-15 00:00:00.000001959,733132.0000000057,654199.5301397835,812064.4698602279,arima
1972-08-16 00:00:00.000001959,733826.3333333391,654852.6347056881,812800.03196099,arima
1972-08-17 00:00:00.000001959,734520.6666666724,655505.7607841289,813535.572549216,arima
1972-08-18 00:00:00.000001959,735215.0000000058,656158.9083414663,814271.0916585453,arima
1972-08-19 00:00:00.000001959,735909.3333333392,656812.0773441485,815006.5893225298,arima
1972-08-20 00:00:00.000001959,736603.6666666726,657465.2677587105,815742.0655746346,arima
1972-08-21 00:00:00.000001959,737298.0000000059,658118.4795517744,816477.5204482374,arima
1972-08-22 00:00:00.000001959,737992.3333333393,658771.7126900493,817212.9539766293,arima
1972-08-23 00:00:00.000001959,738686.6666666727,659424.9671403299,817948.3661930155,arima
1972-08-24 00:00:00.000001959,739381.000000006,660078.2428694976,818683.7571305145,arima
1972-08-25 00:00:00.000001959,740075.3333333394,660731.539844519,819419.1268221599,arima
1972-08-26 00:00:00.000001959,740769.6666666728,661384.8580324464,820154.4753008992,arima
1972-08-27 00:00:00.000001959,741464.0000000062,662038.197400417,820889.8025995954,arima
1972-08-28 00:00:00.000001959,742158.3333333395,662691.5579156526,821625.1087510264,arima
1972-08-29 00:00:00.000001959,742852.6666666729,663344.9395454599,822360.3937878859,arima
1972-08-30 00:00:00.000001959,743547.0000000063,663998.3422572295,823095.6577427831,arima
1972-08-31 00:00:00.000001959,744241.3333333397,664651.7660184358,823830.9006482435,arima
1972-09-01 00:00:00.000001959,744935.666666673,665305.2107966369,824566.1225367092,arima
1972-09-02 00:00:00.000001959,745630.0000000064,665958.6765594739,825301.323440539,arima
1972-09-03 00:00:00.000001959,746324.3333333398,666612.1632746711,826036.5033920085,arima
1972-09-04 00:00:00.000001959,747018.6666666731,667265.6709100354,826771.6624233109,arima
1972-09-05 00:00:00.000001959,747713.0000000065,667919.1994334558,827506.8005665572,arima
1972-09-06 00:00:00.000001959,748407.3333333399,668572.748812904,828241.9178537758,arima
1972-09-07 00:00:00.000001959,749101.6666666733,669226.3190164326,828977.0143169139,arima
1972-09-08 00:00:00.000001959,749796.0000000066,669879.9100121765,829712.0899878368,arima
1972-09-09 00:00:00.000001959,750490.33333334,670533.5217683511,830447.1448983289,arima
1972-09-10 00:00:00.000001959,751184.6666666734,671187.1542532532,831182.1790800935,arima
1972-09-11 00:00:00.000001959,751879.0000000068,671840.80743526,831917.1925647535,arima
1972-09-12 00:00:00.000001959,752573.3333333401,672494.481282829,832652.1853838513,arima
1972-09-13 00:00:00.000001959,753267.6666666735,673148.1757644977,833387.1575688493,arima
1972-09-14 00:00:00.000001959,753962.0000000069,673801.8908488837,834122.1091511301,arima
1972-09-15 00:00:00.000001959,754656.3333333402,674455.6265046834,834857.0401619971,arima
1972-09-16 00:00:00.000001959,755350.6666666736,675109.3827006731,835591.9506326742,arima
1972-09-17 00:00:00.000001959,756045.000000007,675763.1594057076,836326.8405943064,arima
1972-09-18 00:00:00.000001959,756739.3333333404,676416.9565887203,837061.7100779604,arima
1972-09-19 00:00:00.000001959,757433.6666666737,677070.7742187233,837796.5591146242,arima
1972-09-20 00:00:00.000001959,758128.0000000071,677724.6122648064,838531.3877352078,arima
1972-09-21 00:00:00.000001959,758822.3333333405,678378.4706961375,839266.1959705434,arima
1972-09-22 00:00:00.000001959,759516.6666666738,679032.3494819617,840000.983851386,arima
1972-09-23 00:00:00.000001959,760211.0000000072,679686.2485916016,840735.7514084128,arima
1972-09-24 00:00:00.000001959,760905.3333333406,680340.1679944567,841470.4986722245,arima
1972-09-25 00:00:00.000001959,761599.666666674,680994.1076600032,842205.2256733447,arima
1972-09-26 00:00:00.000001959,762294.0000000073,681648.067557794,842939.9324422206,arima
1972-09-27 00:00:00.000001959,762988.3333333407,682302.0476574576,843674.6190092238,arima
1972-09-28 00:00:00.000001959,763682.6666666741,682956.0479286991,844409.2854046491,arima
1972-09-29 00:00:00.000001959,764377.0000000075,683610.0683412986,845143.9316587163,arima
1972-09-30 00:00:00.000001959,765071.3333333408,684264.108865112,845878.5578015697,arima
1972-10-01 00:00:00.000001959,765765.6666666742,684918.1694700702,846613.1638632782,arima
1972-10-02 00:00:00.000001959,766460.0000000076,685572.250126179,847347.7498738362,arima
1972-10-03 00:00:00.000001959,767154.3333333409,686226.3508035186,848082.3158631633,arima
1972-10-04 00:00:00.000001959,767848.6666666743,686880.4714722438,848816.8618611048,arima
1972-10-05 00:00:00.000001959,768543.0000000077,687534.6121025833,849551.3878974321,arima
1972-10-06 00:00:00.000001959,769237.333333341,688188.7726648398,850285.8940018424,arima
1972-10-07 00:00:00.000001959,769931.6666666744,688842.9531293891,851020.3802039598,arima
1972-10-08 00:00:00.000001959,770626.0000000078,689497.153466681,851754.8465333346,arima
1972-10-09 00:00:00.000001959,771320.3333333412,690151.3736472379,852489.2930194444,arima
1972-10-10 00:00:00.000001959,772014.6666666745,690805.6136416551,853223.719691694,arima
1972-10-11 00:00:00.000001959,772709.0000000079,691459.8734206003,853958.1265794155,arima
1972-10-12 00:00:00.000001959,773403.3333333413,692114.1529548139,854692.5137118687,arima
1972-10-13 00:00:00.000001959,774097.6666666747,692768.4522151079,855426.8811182415,arima
1972-10-14 00:00:00.000001959,774792.000000008,693422.7711723663,856161.2288276497,arima
1972-10-15 00:00:00.000001959,775486.3333333414,694077.1097975449,856895.5568691379,arima
1972-10-16 00:00:00.000001959,776180.6666666748,694731.4680616704,857629.8652716791,arima
1972-10-17 00:00:00.000001959,776875.0000000081,695385.8459358407,858364.1540641756,arima
1972-10-18 00:00:00.000001959,777569.3333333415,696040.2433912246,859098.4232754584,arima
1972-10-19 00:00:00.000001959,778263.6666666749,696694.6603990614,859832.6729342884,arima
1972-10-20 00:00:00.000001959,778958.0000000083,697349.0969306609,860566.9030693556,arima
1972-10-21 00:00:00.000001959,779652.3333333416,698003.5529574028,861301.1137092805,arima
1972-10-22 00:00:00.000001959,780346.666666675,698658.0284507365,862035.3048826135,arima
1972-10-23 00:00:00.000001959,781041.0000000084,699312.5233821817,862769.4766178351,arima
1972-10-24 00:00:00.000001959,781735.3333333418,699967.0377233267,863503.6289433568,arima
1972-10-25 00:00:00.000001959,782429.6666666751,700621.5714458292,864237.761887521,arima
1972-10-26 00:00:00.000001959,783124.0000000085,701276.1245214161,864971.8754786009,arima
1972-10-27 00:00:00.000001959,783818.3333333419,701930.6969218828,865705.9697448009,arima
1972-10-28 00:00:00.000001959,784512.6666666752,702585.2886190928,866440.0447142577,arima
1972-10-29 00:00:00.000001959,785207.0000000086,703239.8995849782,867174.100415039,arima
1972-10-30 00:00:00.000001959,785901.333333342,703894.5297915392,867908.1368751448,arima
1972-10-31 00:00:00.000001959,786595.6666666754,704549.1792108433,868642.1541225074,arima
1972-11-01 00:00:00.000001959,787290.0000000087,705203.8478150258,869376.1521849916,arima
1972-11-02 00:00:00.000001959,787984.3333333421,705858.5355762893,870110.1310903949,arima
1972-11-03 00:00:00.000001959,788678.6666666755,706513.2424669033,870844.0908664477,arima
1972-11-04 00:00:00.000001959,789373.0000000088,707167.9684592042,871578.0315408135,arima
1972-11-05 00:00:00.000001959,790067.3333333422,707822.7135255951,872311.9531410893,arima
1972-11-06 00:00:00.000001959,790761.6666666756,708477.4776385456,873045.8556948056,arima
1972-11-07 00:00:00.000001959,791456.000000009,709132.2607705911,873779.7392294268,arima
1972-11-08 00:00:00.000001959,792150.3333333423,709787.0628943332,874513.6037723515,arima
1972-11-09 00:00:00.000001959,792844.6666666757,710441.8839824391,875247.4493509124,arima
1972-11-10 00:00:00.000001959,793539.0000000091,711096.7240076414,875981.2759923767,arima
1972-11-11 00:00:00.000001959,794233.3333333425,711751.5829427385,876715.0837239464,arima
1972-11-12 00:00:00.000001959,794927.6666666758,712406.4607605934,877448.8725727582,arima
1972-11-13 00:00:00.000001959,795622.0000000092,713061.3574341339,878182.6425658845,arima
1972-11-14 00:00:00.000001959,796316.3333333426,713716.2729363525,878916.3937303326,arima
1972-11-15 00:00:00.000001959,797010.6666666759,714371.2072403065,879650.1260930453,arima
1972-11-16 00:00:00.000001959,797705.0000000093,715026.1603191168,880383.8396809018,arima
1972-11-17 00:00:00.000001959,798399.3333333427,715681.1321459685,881117.5345207169,arima
1972-11-18 00:00:00.000001959,799093.666666676,716336.1226941107,881851.2106392414,arima
1972-11-19 00:00:00.000001959,799788.0000000094,716991.131936856,882584.8680631629,arima
1972-11-20 00:00:00.000001959,800482.3333333428,717646.1598475799,883318.5068191057,arima
1972-11-21 00:00:00.000001959,801176.6666666762,718301.2063997214,884052.1269336309,arima
1972-11-22 00:00:00.000001959,801871.0000000095,718956.2715667827,884785.7284332364,arima
1972-11-23 00:00:00.000001959,802565.3333333429,719611.3553223282,885519.3113443577,arima
1972-11-24 00:00:00.000001959,803259.6666666763,720266.4576399848,886252.8756933678,arima
1972-11-25 00:00:00.000001959,803954.0000000097,720921.5784934423,886986.421506577,arima
1972-11-26 00:00:00.000001959,804648.333333343,721576.717856452,887719.9488102341,arima
1972-11-27 00:00:00.000001959,805342.6666666764,722231.8757028274,888453.4576305255,arima
1972-11-28 00:00:00.000001959,806037.0000000098,722887.0520064435,889186.9479935761,arima
1972-11-29 00:00:00.000001959,806731.3333333432,723542.2467412369,889920.4199254494,arima
1972-11-30 00:00:00.000001959,807425.6666666765,724197.4598812056,890653.8734521475,arima
1972-12-01 00:00:00.000001959,808120.0000000099,724852.6914004083,891387.3085996115,arima
1972-12-02 00:00:00.000001959,808814.3333333433,725507.9412729649,892120.7253937216,arima
1972-12-03 00:00:00.000001959,809508.6666666766,726163.2094730561,892854.1238602971,arima
1972-12-04 00:00:00.000001959,810203.00000001,726818.4959749227,893587.5040250974,arima
1972-12-05 00:00:00.000001959,810897.3333333434,727473.800752866,894320.8659138208,arima
1972-12-06 00:00:00.000001959,811591.6666666768,728129.1237812473,895054.2095521062,arima
1972-12-07 00:00:00.000001959,812286.0000000101,728784.465034488,895787.5349655322,arima
1972-12-08 00:00:00.000001959,812980.3333333435,729439.8244870689,896520.8421796181,arima
1972-12-09 00:00:00.000001959,813674.6666666769,730095.2021135305,897254.1312198233,arima
1972-12-10 00:00:00.000001959,814369.0000000102,730750.5978884725,897987.402111548,arima
1972-12-11 00:00:00.000001959,815063.3333333436,731406.0117865538,898720.6548801335,arima
1972-12-12 00:00:00.000001959,815757.666666677,732061.4437824921,899453.8895508619,arima
1972-12-13 00:00:00.000001959,816452.0000000104,732716.8938510639,900187.1061489568,arima
1972-12-14 00:00:00.000001959,817146.3333333437,733372.3619671043,900920.3046995832,arima
1972-12-15 00:00:00.000001959,817840.6666666771,734027.8481055066,901653.4852278476,arima
1972-12-16 00:00:00.000001959,818535.0000000105,734683.3522412225,902386.6477587984,arima
1972-12-17 00:00:00.000001959,819229.3333333438,735338.8743492614,903119.7923174263,arima
1972-12-18 00:00:00.000001959,819923.6666666772,735994.4144046906,903852.9189286638,arima
1972-12-19 00:00:00.000001959,820618.0000000106,736649.9723826349,904586.0276173863,arima
1972-12-20 00:00:00.000001959,821312.333333344,737305.5482582768,905319.1184084112,arima
1972-12-21 00:00:00.000001959,822006.6666666773,737961.1420068556,906052.1913264991,arima
1972-12-22 00:00:00.000001959,822701.0000000107,738616.753603668,906785.2463963535,arima
1972-12-23 00:00:00.000001959,823395.3333333441,739272.3830240674,907518.2836426208,arima
1972-12-24 00:00:00.000001959,824089.6666666775,739928.0302434637,908251.3030898912,arima
1972-12-25 00:00:00.000001959,824784.0000000108,740583.6952373238,908984.3047626979,arima
1972-12-26 00:00:00.000001959,825478.3333333442,741239.3779811703,909717.2886855181,arima
1972-12-27 00:00:00.000001959,826172.6666666776,741895.0784505822,910450.2548827729,arima
1972-12-28 00:00:00.000001959,826867.000000011,742550.7966211948,911183.2033788271,arima
1972-12-29 00:00:00.000001959,827561.3333333443,743206.5324686985,911916.1341979902,arima
1972-12-30 00:00:00.000001959,828255.6666666777,743862.2859688395,912649.0473645158,arima
1972-12-31 00:00:00.000001959,828950.0000000111,744518.05709742,913381.9429026021,arima
1973-01-01 00:00:00.000001959,829644.3333333444,745173.8458302965,914114.8208363923,arima
1973-01-02 00:00:00.000001959,830338.6666666778,745829.6521433813,914847.6811899743,arima
1973-01-03 00:00:00.000001959,831033.0000000112,746485.4760126411,915580.5239873813,arima
1973-01-04 00:00:00.000001959,831727.3333333445,747141.3174140977,916313.3492525914,arima
1973-01-05 00:00:00.000001959,832421.6666666779,747797.176323827,917046.1570095288,arima
1973-01-06 00:00:00.000001959,833116.0000000113,748453.0527179599,917778.9472820627,arima
1973-01-07 00:00:00.000001959,833810.3333333447,749108.9465726806,918511.7200940087,arima
1973-01-08 00:00:00.000001959,834504.666666678,749764.8578642281,919244.475469128,arima
1973-01-09 00:00:00.000001959,835199.0000000114,750420.786568895,919977.2134311278,arima
1973-01-10 00:00:00.000001959,835893.3333333448,751076.7326630272,920709.9340036623,arima
1973-01-11 00:00:00.000001959,836587.6666666782,751732.6961230248,921442.6372103315,arima
1973-01-12 00:00:00.000001959,837282.0000000115,752388.6769253407,922175.3230746824,arima
1973-01-13 00:00:00.000001959,837976.3333333449,753044.675046481,922907.9916202088,arima
1973-01-14 00:00:00.000001959,838670.6666666783,753700.6904630051,923640.6428703514,arima
1973-01-15 00:00:00.000001959,839365.0000000116,754356.7231515249,924373.2768484984,arima
1973-01-16 00:00:00.000001959,840059.333333345,755012.7730887053,925105.8935779848,arima
1973-01-17 00:00:00.000001959,840753.6666666784,755668.8402512633,925838.4930820934,arima
1973-01-18 00:00:00.000001959,841448.0000000118,756324.9246159687,926571.0753840548,arima
1973-01-19 00:00:00.000001959,842142.3333333451,756981.0261596431,927303.6405070472,arima
1973-01-20 00:00:00.000001959,842836.6666666785,757637.1448591601,928036.1884741969,arima
1973-01-21 00:00:00.000001959,843531.0000000119,758293.2806914453,928768.7193085784,arima
1973-01-22 00:00:00.000001959,844225.3333333452,758949.433633476,929501.2330332145,arima
1973-01-23 00:00:00.000001959,844919.6666666786,759605.603662281,930233.7296710763,arima
1973-01-24 00:00:00.000001959,845614.000000012,760261.7907549404,930966.2092450836,arima
1973-01-25 00:00:00.000001959,846308.3333333454,760917.9948885853,931698.6717781054,arima
1973-01-26 00:00:00.000001959,847002.6666666787,761574.2160403982,932431.1172929592,arima
1973-01-27 00:00:00.000001959,847697.0000000121,762230.4541876124,933163.5458124118,arima
1973-01-28 00:00:00.000001959,848391.3333333455,762886.7093075118,933895.9573591792,arima
1973-01-29 00:00:00.000001959,849085.6666666789,763542.9813774307,934628.351955927,arima
1973-01-30 00:00:00.000001959,849780.0000000122,764199.2703747542,935360.7296252702,arima
1973-01-31 00:00:00.000001959,850474.3333333456,764855.5762769172,936093.090389774,arima
1973-02-01 00:00:00.000001959,851168.666666679,765511.8990614053,936825.4342719526,arima
1973-02-02 00:00:00.000001959,851863.0000000123,766168.2387057533,937557.7612942713,arima
1973-02-03 00:00:00.000001959,852557.3333333457,766824.5951875463,938290.0714791451,arima
1973-02-04 00:00:00.000001959,853251.6666666791,767480.9684844189,939022.3648489392,arima
1973-02-05 00:00:00.000001959,853946.0000000125,768137.358574055,939754.6414259699,arima
1973-02-06 00:00:00.000001959,854640.3333333458,768793.7654341881,940486.9012325036,arima
1973-02-07 00:00:00.000001959,855334.6666666792,769450.1890426005,941219.144290758,arima
1973-02-08 00:00:00.000001959,856029.0000000126,770106.6293771238,941951.3706229014,arima
1973-02-09 00:00:00.000001959,856723.333333346,770763.0864156386,942683.5802510533,arima
1973-02-10 00:00:00.000001959,857417.6666666793,771419.5601360737,943415.7731972849,arima
1973-02-11 00:00:00.000001959,858112.0000000127,772076.0505164069,944147.9494836185,arima
1973-02-12 00:00:00.000001959,858806.3333333461,772732.5575346643,944880.1091320278,arima
1973-02-13 00:00:00.000001959,859500.6666666794,773389.0811689202,945612.2521644387,arima
1973-02-14 00:00:00.000001959,860195.0000000128,774045.6213972969,946344.3786027287,arima
1973-02-15 00:00:00.000001959,860889.3333333462,774702.178197965,947076.4884687273,arima
1973-02-16 00:00:00.000001959,861583.6666666795,775358.7515491428,947808.5817842163,arima
1973-02-17 00:00:00.000001959,862278.0000000129,776015.341429096,948540.6585709299,arima
1973-02-18 00:00:00.000001959,862972.3333333463,776671.947816138,949272.7188505545,arima
1973-02-19 00:00:00.000001959,863666.6666666797,777328.5706886299,950004.7626447295,arima
1973-02-20 00:00:00.000001959,864361.000000013,777985.2100249795,950736.7899750465,arima
1973-02-21 00:00:00.000001959,865055.3333333464,778641.8658036421,951468.8008630507,arima
1973-02-22 00:00:00.000001959,865749.6666666798,779298.5380031195,952200.79533024,arima
1973-02-23 00:00:00.000001959,866444.0000000132,779955.2266019611,952932.7733980652,arima
1973-02-24 00:00:00.000001959,867138.3333333465,780611.9315787619,953664.7350879312,arima
1973-02-25 00:00:00.000001959,867832.6666666799,781268.6529121643,954396.6804211955,arima
1973-02-26 00:00:00.000001959,868527.0000000133,781925.3905808568,955128.6094191697,arima
1973-02-27 00:00:00.000001959,869221.3333333466,782582.144563574,955860.5221031193,arima
1973-02-28 00:00:00.000001959,869915.66666668,783238.9148390967,956592.4184942633,arima
1973-03-01 00:00:00.000001959,870610.0000000134,783895.7013862517,957324.298613775,arima
1973-03-02 00:00:00.000001959,871304.3333333468,784552.5041839115,958056.162482782,arima
1973-03-03 00:00:00.000001959,871998.6666666801,785209.3232109944,958788.0101223659,arima
1973-03-04 00:00:00.000001959,872693.0000000135,785866.1584464642,959519.8415535628,arima
1973-03-05 00:00:00.000001959,873387.3333333469,786523.0098693302,960251.6567973635,arima
1973-03-06 00:00:00.000001959,874081.6666666802,787179.8774586468,960983.4558747137,arima
1973-03-07 00:00:00.000001959,874776.0000000136,787836.7611935135,961715.2388065137,arima
1973-03-08 00:00:00.000001959,875470.333333347,788493.661053075,962447.005613619,arima
1973-03-09 00:00:00.000001959,876164.6666666804,789150.5770165208,963178.75631684,arima
1973-03-10 00:00:00.000001959,876859.0000000137,789807.5090630851,963910.4909369424,arima
1973-03-11 00:00:00.000001959,877553.3333333471,790464.4571720465,964642.2094946477,arima
1973-03-12 00:00:00.000001959,878247.6666666805,791121.4213227285,965373.9120106325,arima
1973-03-13 00:00:00.000001959,878942.0000000139,791778.4014944985,966105.5985055292,arima
1973-03-14 00:00:00.000001959,879636.3333333472,792435.3976667682,966837.2689999263,arima
1973-03-15 00:00:00.000001959,880330.6666666806,793092.4098189935,967568.9235143677,arima
1973-03-16 00:00:00.000001959,881025.000000014,793749.4379306741,968300.5620693539,arima
1973-03-17 00:00:00.000001959,881719.3333333473,794406.4819813536,969032.1846853411,arima
1973-03-18 00:00:00.000001959,882413.6666666807,795063.541950619,969763.7913827425,arima
1973-03-19 00:00:00.000001959,883108.0000000141,795720.6178181012,970495.382181927,arima
1973-03-20 00:00:00.000001959,883802.3333333475,796377.7095634743,971226.9571032206,arima
1973-03-21 00:00:00.000001959,884496.6666666808,797034.8171664556,971958.5161669061,arima
1973-03-22 00:00:00.000001959,885191.0000000142,797691.9406068057,972690.0593932227,arima
1973-03-23 00:00:00.000001959,885885.3333333476,798349.0798643283,973421.5868023669,arima
1973-03-24 00:00:00.000001959,886579.666666681,799006.2349188697,974153.0984144922,arima
1973-03-25 00:00:00.000001959,887274.0000000143,799663.4057503191,974884.5942497095,arima
1973-03-26 00:00:00.000001959,887968.3333333477,800320.5923386085,975616.0743280869,arima
1973-03-27 00:00:00.000001959,888662.6666666811,800977.794663712,976347.5386696501,arima
1973-03-28 00:00:00.000001959,889357.0000000144,801635.0127056466,977078.9872943823,arima
1973-03-29 00:00:00.000001959,890051.3333333478,802292.2464444711,977810.4202222246,arima
1973-03-30 00:00:00.000001959,890745.6666666812,802949.4958602868,978541.8374730756,arima
1973-03-31 00:00:00.000001959,891440.0000000146,803606.7609332367,979273.2390667924,arima
1973-04-01 00:00:00.000001959,892134.3333333479,804264.0416435059,980004.6250231899,arima
1973-04-02 00:00:00.000001959,892828.6666666813,804921.3379713212,980735.9953620414,arima
1973-04-03 00:00:00.000001959,893523.0000000147,805578.6498969508,981467.3501030785,arima
1973-04-04 00:00:00.000001959,894217.333333348,806235.977400705,982198.6892659911,arima
1973-04-05 00:00:00.000001959,894911.6666666814,806893.3204629348,982930.012870428,arima
1973-04-06 00:00:00.000001959,895606.0000000148,807550.6790640329,983661.3209359967,arima
1973-04-07 00:00:00.000001959,896300.3333333482,808208.053184433,984392.6134822633,arima
1973-04-08 00:00:00.000001959,896994.6666666815,808865.44280461,985123.890528753,arima
1973-04-09 00:00:00.000001959,897689.0000000149,809522.8479050795,985855.1520949503,arima
1973-04-10 00:00:00.000001959,898383.3333333483,810180.2684663979,986586.3982002987,arima
1973-04-11 00:00:00.000001959,899077.6666666816,810837.7044691624,987317.6288642009,arima
1973-04-12 00:00:00.000001959,899772.000000015,811495.1558940107,988048.8441060194,arima
1973-04-13 00:00:00.000001959,900466.3333333484,812152.6227216208,988780.043945076,arima
1973-04-14 00:00:00.000001959,901160.6666666818,812810.1049327112,989511.2284006523,arima
1973-04-15 00:00:00.000001959,901855.0000000151,813467.6025080406,990242.3974919897,arima
1973-04-16 00:00:00.000001959,902549.3333333485,814125.1154284076,990973.5512382895,arima
1973-04-17 00:00:00.000001959,903243.6666666819,814782.6436746508,991704.689658713,arima
1973-04-18 00:00:00.000001959,903938.0000000153,815440.1872276488,992435.8127723817,arima
1973-04-19 00:00:00.000001959,904632.3333333486,816097.7460683199,993166.9205983774,arima
1973-04-20 00:00:00.000001959,905326.666666682,816755.3201776218,993898.0131557422,arima
1973-04-21 00:00:00.000001959,906021.0000000154,817412.9095365519,994629.0904634788,arima
1973-04-22 00:00:00.000001959,906715.3333333487,818070.5141261469,995360.1525405506,arima
1973-04-23 00:00:00.000001959,907409.6666666821,818728.1339274829,996091.1994058813,arima
1973-04-24 00:00:00.000001959,908104.0000000155,819385.7689216749,996822.231078356,arima
1973-04-25 00:00:00.000001959,908798.3333333489,820043.4190898772,997553.2475768205,arima
1973-04-26 00:00:00.000001959,909492.6666666822,820701.0844132829,998284.2489200815,arima
1973-04-27 00:00:00.000001959,910187.0000000156,821358.764873124,999015.2351269072,arima
1973-04-28 00:00:00.000001959,910881.333333349,822016.4604506709,999746.206216027,arima
1973-04-29 00:00:00.000001959,911575.6666666823,822674.1711272332,1000477.1622061315,arima
1973-04-30 00:00:00.000001959,912270.0000000157,823331.8968841585,1001208.103115873,arima
1973-05-01 00:00:00.000001959,912964.3333333491,823989.6377028327,1001939.0289638655,arima
1973-05-02 00:00:00.000001959,913658.6666666825,824647.3935646804,1002669.9397686846,arima
1973-05-03 00:00:00.000001959,914353.0000000158,825305.164451164,1003400.8355488677,arima
1973-05-04 00:00:00.000001959,915047.3333333492,825962.950343784,1004131.7163229145,arima
1973-05-05 00:00:00.000001959,915741.6666666826,826620.7512240789,1004862.5821092862,arima
1973-05-06 00:00:00.000001959,916436.000000016,827278.567073625,1005593.4329264069,arima
1973-05-07 00:00:00.000001959,917130.3333333493,827936.3978740366,1006324.2687926621,arima
1973-05-08 00:00:00.000001959,917824.6666666827,828594.2436069648,1007055.0897264006,arima
1973-05-09 00:00:00.000001959,918519.0000000161,829252.1042540992,1007785.8957459329,arima
1973-05-10 00:00:00.000001959,919213.3333333494,829909.979797166,1008516.6868695329,arima
1973-05-11 00:00:00.000001959,919907.6666666828,830567.8702179291,1009247.4631154365,arima
1973-05-12 00:00:00.000001959,920602.0000000162,831225.7754981896,1009978.2245018427,arima
1973-05-13 00:00:00.000001959,921296.3333333496,831883.6956197853,1010708.9710469138,arima
1973-05-14 00:00:00.000001959,921990.6666666829,832541.6305645915,1011439.7027687744,arima
1973-05-15 00:00:00.000001959,922685.0000000163,833199.5803145199,1012170.4196855127,arima
1973-05-16 00:00:00.000001959,923379.3333333497,833857.5448515192,1012901.1218151802,arima
1973-05-17 00:00:00.000001959,924073.666666683,834515.5241575746,1013631.8091757915,arima
1973-05-18 00:00:00.000001959,924768.0000000164,835173.5182147082,1014362.4817853246,arima
1973-05-19 00:00:00.000001959,925462.3333333498,835831.5270049779,1015093.1396617217,arima
1973-05-20 00:00:00.000001959,926156.6666666832,836489.5505104787,1015823.7828228876,arima
1973-05-21 00:00:00.000001959,926851.0000000165,837147.5887133412,1016554.4112866919,arima
1973-05-22 00:00:00.000001959,927545.3333333499,837805.6415957324,1017285.0250709674,arima
1973-05-23 00:00:00.000001959,928239.6666666833,838463.7091398555,1018015.6241935111,arima
1973-05-24 00:00:00.000001959,928934.0000000166,839121.7913279494,1018746.2086720839,arima
1973-05-25 00:00:00.000001959,929628.33333335,839779.8881422888,1019476.7785244113,arima
1973-05-26 00:00:00.000001959,930322.6666666834,840437.9995651843,1020207.3337681824,arima
1973-05-27 00:00:00.000001959,931017.0000000168,841096.1255789822,1020937.8744210514,arima
1973-05-28 00:00:00.000001959,931711.3333333501,841754.266166064,1021668.4005006363,arima
1973-05-29 00:00:00.000001959,932405.6666666835,842412.4213088467,1022398.9120245203,arima
1973-05-30 00:00:00.000001959,933100.0000000169,843070.5909897829,1023129.4090102508,arima
1973-05-31 00:00:00.000001959,933794.3333333503,843728.7751913604,1023859.8914753401,arima
1973-06-01 00:00:00.000001959,934488.6666666836,844386.9738961018,1024590.3594372654,arima
1973-06-02 00:00:00.000001959,935183.000000017,845045.187086565,1025320.812913469,arima
1973-06-03 00:00:00.000001959,935877.3333333504,845703.4147453426,1026051.2519213582,arima
1973-06-04 00:00:00.000001959,936571.6666666837,846361.6568550623,1026781.6764783051,arima
1973-06-05 00:00:00.000001959,937266.0000000171,847019.9133983866,1027512.0866016477,arima
1973-06-06 00:00:00.000001959,937960.3333333505,847678.1843580122,1028242.4823086888,arima
1973-06-07 00:00:00.000001959,938654.6666666839,848336.4697166708,1028972.8636166969,arima
1973-06-08 00:00:00.000001959,939349.0000000172,848994.7694571284,1029703.2305429061,arima
1973-06-09 00:00:00.000001959,940043.3333333506,849653.083562185,1030433.5831045161,arima
1973-06-10 00:00:00.000001959,940737.666666684,850311.4120146757,1031163.9213186923,arima
1973-06-11 00:00:00.000001959,941432.0000000173,850969.7547974688,1031894.2452025659,arima
1973-06-12 00:00:00.000001959,942126.3333333507,851628.1118934671,1032624.5547732343,arima
1973-06-13 00:00:00.000001959,942820.6666666841,852286.4832856077,1033354.8500477605,arima
1973-06-14 00:00:00.000001959,943515.0000000175,852944.868956861,1034085.131043174,arima
1973-06-15 00:00:00.000001959,944209.3333333508,853603.2688902314,1034815.3977764703,arima
1973-06-16 00:00:00.000001959,944903.6666666842,854261.6830687572,1035545.6502646112,arima
1973-06-17 00:00:00.000001959,945598.0000000176,854920.1114755098,1036275.8885245253,arima
1973-06-18 00:00:00.000001959,946292.333333351,855578.5540935948,1037006.1125731071,arima
1973-06-19 00:00:00.000001959,946986.6666666843,856237.0109061504,1037736.3224272182,arima
1973-06-20 00:00:00.000001959,947681.0000000177,856895.481896349,1038466.5181036864,arima
1973-06-21 00:00:00.000001959,948375.3333333511,857553.9670473954,1039196.6996193067,arima
1973-06-22 00:00:00.000001959,949069.6666666844,858212.4663425279,1039926.866990841,arima
1973-06-23 00:00:00.000001959,949764.0000000178,858870.9797650181,1040657.0202350175,arima
1973-06-24 00:00:00.000001959,950458.3333333512,859529.50729817,1041387.1593685324,arima
1973-06-25 00:00:00.000001959,951152.6666666846,860188.0489253209,1042117.2844080483,arima
1973-06-26 00:00:00.000001959,951847.0000000179,860846.6046298407,1042847.3953701952,arima
1973-06-27 00:00:00.000001959,952541.3333333513,861505.1743951319,1043577.4922715707,arima
1973-06-28 00:00:00.000001959,953235.6666666847,862163.7582046296,1044307.5751287397,arima
1973-06-29 00:00:00.000001959,953930.000000018,862822.3560418019,1045037.6439582342,arima
1973-06-30 00:00:00.000001959,954624.3333333514,863480.9678901483,1045767.6987765545,arima
1973-07-01 00:00:00.000001959,955318.6666666848,864139.5937332016,1046497.739600168,arima
1973-07-02 00:00:00.000001959,956013.0000000182,864798.2335545265,1047227.7664455099,arima
1973-07-03 00:00:00.000001959,956707.3333333515,865456.8873377194,1047957.7793289836,arima
1973-07-04 00:00:00.000001959,957401.6666666849,866115.5550664094,1048687.7782669603,arima
1973-07-05 00:00:00.000001959,958096.0000000183,866774.2367242574,1049417.7632757793,arima
1973-07-06 00:00:00.000001959,958790.3333333516,867432.9322949558,1050147.7343717476,arima
1973-07-07 00:00:00.000001959,959484.666666685,868091.6417622294,1050877.6915711407,arima
1973-07-08 00:00:00.000001959,960179.0000000184,868750.3651098341,1051607.6348902027,arima
1973-07-09 00:00:00.000001959,960873.3333333518,869409.1023215578,1052337.5643451456,arima
1973-07-10 00:00:00.000001959,961567.6666666851,870067.85338122,1053067.4799521503,arima
1973-07-11 00:00:00.000001959,962262.0000000185,870726.6182726715,1053797.3817273655,arima
1973-07-12 00:00:00.000001959,962956.3333333519,871385.3969797941,1054527.2696869096,arima
1973-07-13 00:00:00.000001959,963650.6666666853,872044.1894865017,1055257.1438468688,arima
1973-07-14 00:00:00.000001959,964345.0000000186,872702.9957767387,1055987.0042232985,arima
1973-07-15 00:00:00.000001959,965039.333333352,873361.8158344808,1056716.8508322232,arima
1973-07-16 00:00:00.000001959,965733.6666666854,874020.6496437349,1057446.6836896357,arima
1973-07-17 00:00:00.000001959,966428.0000000187,874679.4971885387,1058176.5028114987,arima
1973-07-18 00:00:00.000001959,967122.3333333521,875338.3584529606,1058906.3082137436,arima
1973-07-19 00:00:00.000001959,967816.6666666855,875997.2334211001,1059636.099912271,arima
1973-07-20 00:00:00.000001959,968511.0000000189,876656.1220770872,1060365.8779229505,arima
1973-07-21 00:00:00.000001959,969205.3333333522,877315.0244050825,1061095.642261622,arima
1973-07-22 00:00:00.000001959,969899.6666666856,877973.9403892772,1061825.392944094,arima
1973-07-23 00:00:00.000001959,970594.000000019,878632.8700138929,1062555.129986145,arima
1973-07-24 00:00:00.000001959,971288.3333333523,879291.8132631815,1063284.8534035233,arima
1973-07-25 00:00:00.000001959,971982.6666666857,879950.7701214253,1064014.5632119463,arima
1973-07-26 00:00:00.000001959,972677.0000000191,880609.7405729366,1064744.2594271016,arima
1973-07-27 00:00:00.000001959,973371.3333333525,881268.7246020583,1065473.9420646466,arima
1973-07-28 00:00:00.000001959,974065.6666666858,881927.7221931627,1066203.611140209,arima
1973-07-29 00:00:00.000001959,974760.0000000192,882586.7333306524,1066933.266669386,arima
1973-07-30 00:00:00.000001959,975454.3333333526,883245.7579989599,1067662.9086677453,arima
1973-07-31 00:00:00.000001959,976148.666666686,883904.7961825472,1068392.5371508247,arima
1973-08-01 00:00:00.000001959,976843.0000000193,884563.8478659065,1069122.152134132,arima
1973-08-02 00:00:00.000001959,977537.3333333527,885222.9130335593,1069851.753633146,arima
1973-08-03 00:00:00.000001959,978231.6666666861,885881.9916700567,1070581.3416633154,arima
1973-08-04 00:00:00.000001959,978926.0000000194,886541.0837599793,1071310.9162400595,arima
1973-08-05 00:00:00.000001959,979620.3333333528,887200.189287937,1072040.4773787686,arima
1973-08-06 00:00:00.000001959,980314.6666666862,887859.3082385692,1072770.0250948032,arima
1973-08-07 00:00:00.000001959,981009.0000000196,888518.4405965445,1073499.5594034947,arima
1973-08-08 00:00:00.000001959,981703.3333333529,889177.5863465606,1074229.0803201452,arima
1973-08-09 00:00:00.000001959,982397.6666666863,889836.7454733442,1074958.5878600285,arima
1973-08-10 00:00:00.000001959,983092.0000000197,890495.9179616512,1075688.0820383881,arima
1973-08-11 00:00:00.000001959,983786.333333353,891155.1037962665,1076417.5628704396,arima
1973-08-12 00:00:00.000001959,984480.6666666864,891814.3029620034,1077147.0303713696,arima
1973-08-13 00:00:00.000001959,985175.0000000198,892473.5154437044,1077876.484556335,arima
1973-08-14 00:00:00.000001959,985869.3333333532,893132.7412262408,1078605.9254404656,arima
1973-08-15 00:00:00.000001959,986563.6666666865,893791.980294512,1079335.353038861,arima
1973-08-16 00:00:00.000001959,987258.0000000199,894451.2326334465,1080064.7673665932,arima
1973-08-17 00:00:00.000001959,987952.3333333533,895110.4982280008,1080794.1684387056,arima
1973-08-18 00:00:00.000001959,988646.6666666867,895769.7770631603,1081523.556270213,arima
1973-08-19 00:00:00.000001959,989341.00000002,896429.0691239383,1082252.9308761018,arima
1973-08-20 00:00:00.000001959,990035.3333333534,897088.3743953765,1082982.2922713303,arima
1973-08-21 00:00:00.000001959,990729.6666666868,897747.6928625449,1083711.6404708286,arima
1973-08-22 00:00:00.000001959,991424.0000000201,898407.0245105413,1084440.975489499,arima
1973-08-23 00:00:00.000001959,992118.3333333535,899066.3693244919,1085170.2973422152,arima
1973-08-24 00:00:00.000001959,992812.6666666869,899725.7272895506,1085899.606043823,arima
1973-08-25 00:00:00.000001959,993507.0000000203,900385.0983908992,1086628.9016091414,arima
1973-08-26 00:00:00.000001959,994201.3333333536,901044.4826137475,1087358.1840529598,arima
1973-08-27 00:00:00.000001959,994895.666666687,901703.8799433326,1088087.4533900414,arima
1973-08-28 00:00:00.000001959,995590.0000000204,902363.2903649199,1088816.7096351208,arima
1973-08-29 00:00:00.000001959,996284.3333333537,903022.7138638019,1089545.9528029056,arima
1973-08-30 00:00:00.000001959,996978.6666666871,903682.1504252986,1090275.1829080756,arima
1973-08-31 00:00:00.000001959,997673.0000000205,904341.6000347578,1091004.3999652832,arima
1973-09-01 00:00:00.000001959,998367.3333333539,905001.0626775543,1091733.6039891534,arima
1973-09-02 00:00:00.000001959,999061.6666666872,905660.5383390905,1092462.794994284,arima
1973-09-03 00:00:00.000001959,999756.0000000206,906320.027004796,1093191.9729952454,arima
1973-09-04 00:00:00.000001959,1000450.333333354,906979.5286601272,1093921.1380065808,arima
1973-09-05 00:00:00.000001959,1001144.6666666873,907639.0432905679,1094650.2900428069,arima
1973-09-06 00:00:00.000001959,1001839.0000000207,908298.570881629,1095379.4291184123,arima
1973-09-07 00:00:00.000001959,1002533.3333333541,908958.1114188482,1096108.55524786,arima
1973-09-08 00:00:00.000001959,1003227.6666666875,909617.6648877899,1096837.668445585,arima
1973-09-09 00:00:00.000001959,1003922.0000000208,910277.2312740458,1097566.768725996,arima
1973-09-10 00:00:00.000001959,1004616.3333333542,910936.8105632337,1098295.8561034747,arima
1973-09-11 00:00:00.000001959,1005310.6666666876,911596.4027409985,1099024.9305923767,arima
1973-09-12 00:00:00.000001959,1006005.000000021,912256.0077930117,1099753.9922070303,arima
1973-09-13 00:00:00.000001959,1006699.3333333543,912915.6257049711,1100483.0409617375,arima
1973-09-14 00:00:00.000001959,1007393.6666666877,913575.2564626012,1101212.0768707742,arima
1973-09-15 00:00:00.000001959,1008088.0000000211,914234.9000516528,1101941.0999483892,arima
1973-09-16 00:00:00.000001959,1008782.3333333544,914894.556457903,1102670.1102088059,arima
1973-09-17 00:00:00.000001959,1009476.6666666878,915554.2256671549,1103399.1076662207,arima
1973-09-18 00:00:00.000001959,1010171.0000000212,916213.9076652384,1104128.0923348041,arima
1973-09-19 00:00:00.000001959,1010865.3333333546,916873.6024380089,1104857.0642287002,arima
1973-09-20 00:00:00.000001959,1011559.6666666879,917533.3099713483,1105586.0233620275,arima
1973-09-21 00:00:00.000001959,1012254.0000000213,918193.0302511642,1106314.9697488784,arima
1973-09-22 00:00:00.000001959,1012948.3333333547,918852.7632633903,1107043.9034033192,arima
1973-09-23 00:00:00.000001959,1013642.666666688,919512.508993986,1107772.8243393903,arima
1973-09-24 00:00:00.000001959,1014337.0000000214,920172.2674289366,1108501.7325711062,arima
1973-09-25 00:00:00.000001959,1015031.3333333548,920832.038554253,1109230.6281124565,arima
1973-09-26 00:00:00.000001959,1015725.6666666882,921491.8223559721,1109959.5109774042,arima
1973-09-27 00:00:00.000001959,1016420.0000000215,922151.618820156,1110688.381179887,arima
1973-09-28 00:00:00.000001959,1017114.3333333549,922811.4279328922,1111417.2387338176,arima
1973-09-29 00:00:00.000001959,1017808.6666666883,923471.2496802943,1112146.0836530824,arima
1973-09-30 00:00:00.000001959,1018503.0000000217,924131.0840485006,1112874.9159515428,arima
1973-10-01 00:00:00.000001959,1019197.333333355,924790.9310236752,1113603.7356430348,arima
1973-10-02 00:00:00.000001959,1019891.6666666884,925450.7905920072,1114332.5427413697,arima
1973-10-03 00:00:00.000001959,1020586.0000000218,926110.662739711,1115061.3372603324,arima
1973-10-04 00:00:00.000001959,1021280.3333333551,926770.5474530262,1115790.1192136842,arima
1973-10-05 00:00:00.000001959,1021974.6666666885,927430.4447182172,1116518.8886151598,arima
1973-10-06 00:00:00.000001959,1022669.0000000219,928090.3545215738,1117247.64547847,arima
1973-10-07 00:00:00.000001959,1023363.3333333553,928750.2768494104,1117976.3898173003,arima
1973-10-08 00:00:00.000001959,1024057.6666666886,929410.2116880665,1118705.121645311,arima
1973-10-09 00:00:00.000001959,1024752.000000022,930070.1590239062,1119433.840976138,arima
1973-10-10 00:00:00.000001959,1025446.3333333554,930730.1188433185,1120162.547823392,arima
1973-10-11 00:00:00.000001959,1026140.6666666887,931390.0911327173,1120891.2422006603,arima
1973-10-12 00:00:00.000001959,1026835.0000000221,932050.0758785406,1121619.9241215035,arima
1973-10-13 00:00:00.000001959,1027529.3333333555,932710.0730672515,1122348.5935994594,arima
1973-10-14 00:00:00.000001959,1028223.6666666889,933370.0826853372,1123077.2506480406,arima
1973-10-15 00:00:00.000001959,1028918.0000000222,934030.1047193095,1123805.895280735,arima
1973-10-16 00:00:00.000001959,1029612.3333333556,934690.1391557046,1124534.5275110067,arima
1973-10-17 00:00:00.000001959,1030306.666666689,935350.1859810831,1125263.147352295,arima
1973-10-18 00:00:00.000001959,1031001.0000000224,936010.2451820296,1125991.754818015,arima
1973-10-19 00:00:00.000001959,1031695.3333333557,936670.316745153,1126720.3499215583,arima
1973-10-20 00:00:00.000001959,1032389.6666666891,937330.4006570866,1127448.9326762916,arima
1973-10-21 00:00:00.000001959,1033084.0000000225,937990.4969044875,1128177.5030955574,arima
1973-10-22 00:00:00.000001959,1033778.3333333558,938650.6054740367,1128906.061192675,arima
1973-10-23 00:00:00.000001959,1034472.6666666892,939310.7263524393,1129634.6069809392,arima
1973-10-24 00:00:00.000001959,1035167.0000000226,939970.8595264244,1130363.1404736207,arima
1973-10-25 00:00:00.000001959,1035861.333333356,940631.0049827448,1131091.661683967,arima
1973-10-26 00:00:00.000001959,1036555.6666666893,941291.1627081771,1131820.1706252014,arima
1973-10-27 00:00:00.000001959,1037250.0000000227,941951.3326895217,1132548.6673105238,arima
1973-10-28 00:00:00.000001959,1037944.3333333561,942611.5149136024,1133277.1517531096,arima
1973-10-29 00:00:00.000001959,1038638.6666666894,943271.7093672669,1134005.623966112,arima
1973-10-30 00:00:00.000001959,1039333.0000000228,943931.916037386,1134734.0839626596,arima
1973-10-31 00:00:00.000001959,1040027.3333333562,944592.1349108546,1135462.5317558576,arima
1973-11-01 00:00:00.000001959,1040721.6666666896,945252.3659745906,1136190.9673587885,arima
1973-11-02 00:00:00.000001959,1041416.0000000229,945912.6092155352,1136919.3907845106,arima
1973-11-03 00:00:00.000001959,1042110.3333333563,946572.8646206531,1137647.8020460596,arima
1973-11-04 00:00:00.000001959,1042804.6666666897,947233.1321769322,1138376.2011564472,arima
1973-11-05 00:00:00.000001959,1043499.000000023,947893.4118713834,1139104.5881286627,arima
1973-11-06 00:00:00.000001959,1044193.3333333564,948553.703691041,1139832.9629756717,arima
1973-11-07 00:00:00.000001959,1044887.6666666898,949214.0076229622,1140561.3257104172,arima
1973-11-08 00:00:00.000001959,1045582.0000000232,949874.3236542274,1141289.676345819,arima
1973-11-09 00:00:00.000001959,1046276.3333333565,950534.6517719396,1142018.0148947735,arima
1973-11-10 00:00:00.000001959,1046970.6666666899,951194.991963225,1142746.3413701549,arima
1973-11-11 00:00:00.000001959,1047665.0000000233,951855.3442152324,1143474.6557848142,arima
1973-11-12 00:00:00.000001959,1048359.3333333567,952515.7085151337,1144202.9581515796,arima
1973-11-13 00:00:00.000001959,1049053.66666669,953176.0848501233,1144931.248483257,arima
1973-11-14 00:00:00.000001959,1049748.0000000233,953836.4732074181,1145659.5267926285,arima
1973-11-15 00:00:00.000001959,1050442.3333333565,954496.8735742581,1146387.793092455,arima
1973-11-16 00:00:00.000001959,1051136.6666666898,955157.2859379053,1147116.0473954743,arima
1973-11-17 00:00:00.000001959,1051831.000000023,955817.7102856447,1147844.2897144014,arima
1973-11-18 00:00:00.000001959,1052525.3333333563,956478.1466047836,1148572.520061929,arima
1973-11-19 00:00:00.000001959,1053219.6666666896,957138.5948826515,1149300.7384507277,arima
1973-11-20 00:00:00.000001959,1053914.0000000228,957799.0551066003,1150028.9448934454,arima
1973-11-21 00:00:00.000001959,1054608.333333356,958459.5272640043,1150757.1394027078,arima
1973-11-22 00:00:00.000001959,1055302.6666666893,959120.0113422599,1151485.3219911188,arima
1973-11-23 00:00:00.000001959,1055997.0000000226,959780.5073287858,1152213.4926712594,arima
1973-11-24 00:00:00.000001959,1056691.3333333558,960441.0152110227,1152941.651455689,arima
1973-11-25 00:00:00.000001959,1057385.666666689,961101.5349764334,1153669.7983569447,arima
1973-11-26 00:00:00.000001959,1058080.0000000224,961762.0666125027,1154397.933387542,arima
1973-11-27 00:00:00.000001959,1058774.3333333556,962422.6101067374,1155126.0565599739,arima
1973-11-28 00:00:00.000001959,1059468.6666666889,963083.1654466661,1155854.1678867117,arima
1973-11-29 00:00:00.000001959,1060163.0000000221,963743.7326198394,1156582.267380205,arima
1973-11-30 00:00:00.000001959,1060857.3333333554,964404.3116138293,1157310.3550528814,arima
1973-12-01 00:00:00.000001959,1061551.6666666886,965064.9024162303,1158038.4309171468,arima
1973-12-02 00:00:00.000001959,1062246.000000022,965725.5050146579,1158766.494985386,arima
1973-12-03 00:00:00.000001959,1062940.3333333551,966386.1193967492,1159494.547269961,arima
1973-12-04 00:00:00.000001959,1063634.6666666884,967046.7455501636,1160222.5877832132,arima
1973-12-05 00:00:00.000001959,1064329.0000000217,967707.3834625811,1160950.6165374622,arima
1973-12-06 00:00:00.000001959,1065023.333333355,968368.0331217039,1161678.633545006,arima
1973-12-07 00:00:00.000001959,1065717.6666666882,969028.6945152554,1162406.638818121,arima
1973-12-08 00:00:00.000001959,1066412.0000000214,969689.3676309801,1163134.6323690626,arima
1973-12-09 00:00:00.000001959,1067106.3333333547,970350.0524566442,1163862.6142100652,arima
1973-12-10 00:00:00.000001959,1067800.666666688,971010.748980035,1164590.5843533408,arima
1973-12-11 00:00:00.000001959,1068495.0000000212,971671.4571889609,1165318.5428110815,arima
1973-12-12 00:00:00.000001959,1069189.3333333544,972332.1770712517,1166046.4895954572,arima
1973-12-13 00:00:00.000001959,1069883.6666666877,972992.908614758,1166774.4247186172,arima
1973-12-14 00:00:00.000001959,1070578.000000021,973653.651807352,1167502.34819269,arima
1973-12-15 00:00:00.000001959,1071272.3333333542,974314.4066369262,1168230.2600297823,arima
1973-12-16 00:00:00.000001959,1071966.6666666875,974975.1730913946,1168958.1602419803,arima
1973-12-17 00:00:00.000001959,1072661.0000000207,975635.9511586919,1169686.0488413495,arima
1973-12-18 00:00:00.000001959,1073355.333333354,976296.7408267736,1170413.9258399343,arima
1973-12-19 00:00:00.000001959,1074049.6666666872,976957.5420836161,1171141.7912497583,arima
1973-12-20 00:00:00.000001959,1074744.0000000205,977618.3549172167,1171869.6450828242,arima
1973-12-21 00:00:00.000001959,1075438.3333333537,978279.1793155931,1172597.4873511144,arima
1973-12-22 00:00:00.000001959,1076132.666666687,978940.0152667838,1173325.3180665902,arima
1973-12-23 00:00:00.000001959,1076827.0000000203,979600.8627588479,1174053.1372411926,arima
1973-12-24 00:00:00.000001959,1077521.3333333535,980261.7217798652,1174780.9448868418,arima
1973-12-25 00:00:00.000001959,1078215.6666666868,980922.5923179357,1175508.741015438,arima
1973-12-26 00:00:00.000001959,1078910.00000002,981583.47436118,1176236.52563886,arima
1973-12-27 00:00:00.000001959,1079604.3333333533,982244.3678977393,1176964.2987689674,arima
1973-12-28 00:00:00.000001959,1080298.6666666865,982905.2729157748,1177692.060417598,arima
1973-12-29 00:00:00.000001959,1080993.0000000198,983566.1894034684,1178419.810596571,arima
1973-12-30 00:00:00.000001959,1081687.333333353,984227.117349022,1179147.549317684,arima
1973-12-31 00:00:00.000001959,1082381.6666666863,984888.0567406577,1179875.276592715,arima
1974-01-01 00:00:00.000001959,1083076.0000000196,985549.0075666178,1180602.9924334213,arima
1974-01-02 00:00:00.000001959,1083770.3333333528,986209.9698151648,1181330.6968515408,arima
1974-01-03 00:00:00.000001959,1084464.666666686,986870.9434745815,1182058.3898587907,arima
1974-01-04 00:00:00.000001959,1085159.0000000193,987531.9285331699,1182786.0714668687,arima
1974-01-05 00:00:00.000001959,1085853.3333333526,988192.924979253,1183513.7416874522,arima
1974-01-06 00:00:00.000001959,1086547.6666666858,988853.932801173,1184241.4005321988,arima
1974-01-07 00:00:00.000001959,1087242.000000019,989514.9519872922,1184969.048012746,arima
1974-01-08 00:00:00.000001959,1087936.3333333523,990175.9825259928,1185696.6841407118,arima
1974-01-09 00:00:00.000001959,1088630.6666666856,990837.0244056768,1186424.3089276943,arima
1974-01-10 00:00:00.000001959,1089325.0000000189,991498.0776147657,1187151.922385272,arima
1974-01-11 00:00:00.000001959,1090019.333333352,992159.142141701,1187879.5245250033,arima
1974-01-12 00:00:00.000001959,1090713.6666666854,992820.2179749436,1188607.1153584272,arima
1974-01-13 00:00:00.000001959,1091408.0000000186,993481.3051029741,1189334.694897063,arima
1974-01-14 00:00:00.000001959,1092102.3333333519,994142.4035142926,1190062.2631524112,arima
1974-01-15 00:00:00.000001959,1092796.6666666851,994803.5131974188,1190789.8201359515,arima
1974-01-16 00:00:00.000001959,1093491.0000000184,995464.6341408917,1191517.365859145,arima
1974-01-17 00:00:00.000001959,1094185.3333333516,996125.7663332699,1192244.9003334334,arima
1974-01-18 00:00:00.000001959,1094879.666666685,996786.909763131,1192972.4235702388,arima
1974-01-19 00:00:00.000001959,1095574.0000000182,997448.0644190726,1193699.9355809637,arima
1974-01-20 00:00:00.000001959,1096268.3333333514,998109.2302897108,1194427.436376992,arima
1974-01-21 00:00:00.000001959,1096962.6666666847,998770.4073636815,1195154.9259696878,arima
1974-01-22 00:00:00.000001959,1097657.000000018,999431.5956296393,1195882.4043703964,arima
1974-01-23 00:00:00.000001959,1098351.3333333512,1000092.7950762585,1196609.871590444,arima
1974-01-24 00:00:00.000001959,1099045.6666666844,1000754.0056922318,1197337.327641137,arima
1974-01-25 00:00:00.000001959,1099740.0000000177,1001415.2274662717,1198064.7725337637,arima
1974-01-26 00:00:00.000001959,1100434.333333351,1002076.4603871091,1198792.2062795928,arima
1974-01-27 00:00:00.000001959,1101128.6666666842,1002737.704443494,1199519.6288898743,arima
1974-01-28 00:00:00.000001959,1101823.0000000175,1003398.9596241956,1200247.0403758392,arima
1974-01-29 00:00:00.000001959,1102517.3333333507,1004060.2259180017,1200974.4407486997,arima
1974-01-30 00:00:00.000001959,1103211.666666684,1004721.5033137188,1201701.8300196491,arima
1974-01-31 00:00:00.000001959,1103906.0000000172,1005382.7918001727,1202429.208199862,arima
1974-02-01 00:00:00.000001959,1104600.3333333505,1006044.0913662072,1203156.5753004937,arima
1974-02-02 00:00:00.000001959,1105294.6666666837,1006705.4020006855,1203883.931332682,arima
1974-02-03 00:00:00.000001959,1105989.000000017,1007366.7236924889,1204611.2763075451,arima
1974-02-04 00:00:00.000001959,1106683.3333333503,1008028.0564305175,1205338.610236183,arima
1974-02-05 00:00:00.000001959,1107377.6666666835,1008689.4002036902,1206065.9331296769,arima
1974-02-06 00:00:00.000001959,1108072.0000000168,1009350.755000944,1206793.2449990895,arima
1974-02-07 00:00:00.000001959,1108766.33333335,1010012.1208112347,1207520.5458554653,arima
1974-02-08 00:00:00.000001959,1109460.6666666833,1010673.4976235364,1208247.8357098303,arima
1974-02-09 00:00:00.000001959,1110155.0000000165,1011334.8854268414,1208975.1145731916,arima
1974-02-10 00:00:00.000001959,1110849.3333333498,1011996.2842101607,1209702.3824565387,arima
1974-02-11 00:00:00.000001959,1111543.666666683,1012657.6939625235,1210429.6393708426,arima
1974-02-12 00:00:00.000001959,1112238.0000000163,1013319.1146729769,1211156.8853270556,arima
1974-02-13 00:00:00.000001959,1112932.3333333496,1013980.5463305868,1211884.1203361123,arima
1974-02-14 00:00:00.000001959,1113626.6666666828,1014641.9889244367,1212611.3444089289,arima
1974-02-15 00:00:00.000001959,1114321.000000016,1015303.4424436287,1213338.5575564033,arima
1974-02-16 00:00:00.000001959,1115015.3333333493,1015964.9068772828,1214065.7597894159,arima
1974-02-17 00:00:00.000001959,1115709.6666666826,1016626.3822145369,1214792.9511188283,arima
1974-02-18 00:00:00.000001959,1116404.0000000158,1017287.868444547,1215520.1315554846,arima
1974-02-19 00:00:00.000001959,1117098.333333349,1017949.3655564873,1216247.3011102108,arima
1974-02-20 00:00:00.000001959,1117792.6666666823,1018610.8735395498,1216974.459793815,arima
1974-02-21 00:00:00.000001959,1118487.0000000156,1019272.3923829439,1217701.6076170872,arima
1974-02-22 00:00:00.000001959,1119181.3333333489,1019933.9220758976,1218428.7445908003,arima
1974-02-23 00:00:00.000001959,1119875.666666682,1020595.4626076561,1219155.870725708,arima
1974-02-24 00:00:00.000001959,1120570.0000000154,1021257.0139674827,1219882.986032548,arima
1974-02-25 00:00:00.000001959,1121264.3333333486,1021918.5761446585,1220610.0905220388,arima
1974-02-26 00:00:00.000001959,1121958.6666666819,1022580.1491284817,1221337.184204882,arima
1974-02-27 00:00:00.000001959,1122653.0000000151,1023241.7329082688,1222064.2670917613,arima
1974-02-28 00:00:00.000001959,1123347.3333333484,1023903.3274733535,1222791.3391933432,arima
1974-03-01 00:00:00.000001959,1124041.6666666816,1024564.9328130872,1223518.400520276,arima
1974-03-02 00:00:00.000001959,1124736.000000015,1025226.5489168387,1224245.4510831912,arima
1974-03-03 00:00:00.000001959,1125430.3333333482,1025888.1757739944,1224972.490892702,arima
1974-03-04 00:00:00.000001959,1126124.6666666814,1026549.8133739581,1225699.5199594048,arima
1974-03-05 00:00:00.000001959,1126819.0000000147,1027211.4617061508,1226426.5382938785,arima
1974-03-06 00:00:00.000001959,1127513.333333348,1027873.1207600113,1227153.5459066846,arima
1974-03-07 00:00:00.000001959,1128207.6666666812,1028534.7905249951,1227880.5428083672,arima
1974-03-08 00:00:00.000001959,1128902.0000000144,1029196.4709905755,1228607.5290094533,arima
1974-03-09 00:00:00.000001959,1129596.3333333477,1029858.1621462428,1229334.5045204526,arima
1974-03-10 00:00:00.000001959,1130290.666666681,1030519.8639815046,1230061.4693518574,arima
1974-03-11 00:00:00.000001959,1130985.0000000142,1031181.5764858853,1230788.423514143,arima
1974-03-12 00:00:00.000001959,1131679.3333333475,1031843.299648927,1231515.3670177679,arima
1974-03-13 00:00:00.000001959,1132373.6666666807,1032505.0334601883,1232242.299873173,arima
1974-03-14 00:00:00.000001959,1133068.000000014,1033166.7779092453,1232969.2220907826,arima
1974-03-15 00:00:00.000001959,1133762.3333333472,1033828.5329856907,1233696.1336810037,arima
1974-03-16 00:00:00.000001959,1134456.6666666805,1034490.2986791347,1234423.0346542264,arima
1974-03-17 00:00:00.000001959,1135151.0000000137,1035152.0749792036,1235149.9250208237,arima
1974-03-18 00:00:00.000001959,1135845.333333347,1035813.8618755415,1235876.8047911525,arima
1974-03-19 00:00:00.000001959,1136539.6666666802,1036475.6593578085,1236603.673975552,arima
1974-03-20 00:00:00.000001959,1137234.0000000135,1037137.4674156822,1237330.532584345,arima
1974-03-21 00:00:00.000001959,1137928.3333333468,1037799.2860388565,1238057.380627837,arima
1974-03-22 00:00:00.000001959,1138622.66666668,1038461.1152170422,1238784.2181163179,arima
1974-03-23 00:00:00.000001959,1139317.0000000133,1039122.9549399668,1239511.0450600598,arima
1974-03-24 00:00:00.000001959,1140011.3333333465,1039784.8051973745,1240237.8614693186,arima
1974-03-25 00:00:00.000001959,1140705.6666666798,1040446.665979026,1240964.6673543334,arima
1974-03-26 00:00:00.000001959,1141400.000000013,1041108.5372746986,1241691.4627253274,arima
1974-03-27 00:00:00.000001959,1142094.3333333463,1041770.4190741862,1242418.2475925065,arima
1974-03-28 00:00:00.000001959,1142788.6666666795,1042432.3113672992,1243145.02196606,arima
1974-03-29 00:00:00.000001959,1143483.0000000128,1043094.2141438643,1243871.7858561613,arima
1974-03-30 00:00:00.000001959,1144177.333333346,1043756.1273937249,1244598.5392729673,arima
1974-03-31 00:00:00.000001959,1144871.6666666793,1044418.0511067405,1245325.2822266181,arima
1974-04-01 00:00:00.000001959,1145566.0000000126,1045079.9852727873,1246052.0147272379,arima
1974-04-02 00:00:00.000001959,1146260.3333333458,1045741.9298817574,1246778.7367849343,arima
1974-04-03 00:00:00.000001959,1146954.666666679,1046403.8849235594,1247505.4484097988,arima
1974-04-04 00:00:00.000001959,1147649.0000000123,1047065.8503881183,1248232.1496119064,arima
1974-04-05 00:00:00.000001959,1148343.3333333456,1047727.826265375,1248958.840401316,arima
1974-04-06 00:00:00.000001959,1149037.6666666789,1048389.8125452868,1249685.5207880707,arima
1974-04-07 00:00:00.000001959,1149732.000000012,1049051.8092178272,1250412.190782197,arima
1974-04-08 00:00:00.000001959,1150426.3333333454,1049713.8162729852,1251138.8503937055,arima
1974-04-09 00:00:00.000001959,1151120.6666666786,1050375.8337007666,1251865.4996325907,arima
1974-04-10 00:00:00.000001959,1151815.0000000119,1051037.8614911928,1252592.138508831,arima
1974-04-11 00:00:00.000001959,1152509.3333333451,1051699.8996343017,1253318.7670323886,arima
1974-04-12 00:00:00.000001959,1153203.6666666784,1052361.948120146,1254045.3852132107,arima
1974-04-13 00:00:00.000001959,1153898.0000000116,1053024.006938796,1254771.9930612273,arima
1974-04-14 00:00:00.000001959,1154592.333333345,1053686.0760803362,1255498.5905863536,arima
1974-04-15 00:00:00.000001959,1155286.6666666782,1054348.1555348681,1256225.1777984882,arima
1974-04-16 00:00:00.000001959,1155981.0000000114,1055010.2452925085,1256951.7547075143,arima
1974-04-17 00:00:00.000001959,1156675.3333333447,1055672.3453433902,1257678.321323299,arima
1974-04-18 00:00:00.000001959,1157369.666666678,1056334.4556776616,1258404.8776556943,arima
1974-04-19 00:00:00.000001959,1158064.0000000112,1056996.5762854868,1259131.4237145355,arima
1974-04-20 00:00:00.000001959,1158758.3333333444,1057658.7071570456,1259857.9595096433,arima
1974-04-21 00:00:00.000001959,1159452.6666666777,1058320.8482825332,1260584.4850508221,arima
1974-04-22 00:00:00.000001959,1160147.000000011,1058982.9996521613,1261311.0003478606,arima
1974-04-23 00:00:00.000001959,1160841.3333333442,1059645.161256156,1262037.5054105325,arima
1974-04-24 00:00:00.000001959,1161535.6666666775,1060307.3330847593,1262764.0002485956,arima
1974-04-25 00:00:00.000001959,1162230.0000000107,1060969.5151282295,1263490.484871792,arima
1974-04-26 00:00:00.000001959,1162924.333333344,1061631.7073768391,1264216.9592898488,arima
1974-04-27 00:00:00.000001959,1163618.6666666772,1062293.9098208768,1264943.4235124777,arima
1974-04-28 00:00:00.000001959,1164313.0000000105,1062956.1224506465,1265669.8775493745,arima
1974-04-29 00:00:00.000001959,1165007.3333333437,1063618.3452564676,1266396.3214102199,arima
1974-04-30 00:00:00.000001959,1165701.666666677,1064280.5782286746,1267122.7551046794,arima
1974-05-01 00:00:00.000001959,1166396.0000000102,1064942.8213576174,1267849.178642403,arima
1974-05-02 00:00:00.000001959,1167090.3333333435,1065605.0746336612,1268575.5920330258,arima
1974-05-03 00:00:00.000001959,1167784.6666666768,1066267.3380471864,1269301.9952861671,arima
1974-05-04 00:00:00.000001959,1168479.00000001,1066929.6115885885,1270028.3884114316,arima
1974-05-05 00:00:00.000001959,1169173.3333333433,1067591.895248278,1270754.7714184085,arima
1974-05-06 00:00:00.000001959,1169867.6666666765,1068254.1890166812,1271481.1443166719,arima
1974-05-07 00:00:00.000001959,1170562.0000000098,1068916.4928842387,1272207.5071157808,arima
1974-05-08 00:00:00.000001959,1171256.333333343,1069578.8068414065,1272933.8598252796,arima
1974-05-09 00:00:00.000001959,1171950.6666666763,1070241.1308786557,1273660.2024546969,arima
1974-05-10 00:00:00.000001959,1172645.0000000095,1070903.4649864724,1274386.5350135467,arima
1974-05-11 00:00:00.000001959,1173339.3333333428,1071565.8091553575,1275112.857511328,arima
1974-05-12 00:00:00.000001959,1174033.666666676,1072228.1633758268,1275839.1699575253,arima
1974-05-13 00:00:00.000001959,1174728.0000000093,1072890.527638411,1276565.4723616077,arima
1974-05-14 00:00:00.000001959,1175422.3333333426,1073552.9019336558,1277291.7647330293,arima
1974-05-15 00:00:00.000001959,1176116.6666666758,1074215.286252122,1278018.0470812297,arima
1974-05-16 00:00:00.000001959,1176811.000000009,1074877.6805843841,1278744.319415634,arima
1974-05-17 00:00:00.000001959,1177505.3333333423,1075540.084921033,1279470.5817456518,arima
1974-05-18 00:00:00.000001959,1178199.6666666756,1076202.4992526725,1280196.8340806786,arima
1974-05-19 00:00:00.000001959,1178894.0000000088,1076864.9235699228,1280923.076430095,arima
1974-05-20 00:00:00.000001959,1179588.333333342,1077527.3578634178,1281649.3088032664,arima
1974-05-21 00:00:00.000001959,1180282.6666666754,1078189.802123806,1282375.5312095447,arima
1974-05-22 00:00:00.000001959,1180977.0000000086,1078852.256341751,1283101.7436582663,arima
1974-05-23 00:00:00.000001959,1181671.3333333419,1079514.7205079305,1283827.9461587532,arima
1974-05-24 00:00:00.000001959,1182365.6666666751,1080177.194613037,1284554.1387203133,arima
1974-05-25 00:00:00.000001959,1183060.0000000084,1080839.6786477775,1285280.3213522392,arima
1974-05-26 00:00:00.000001959,1183754.3333333416,1081502.1726028733,1286006.49406381,arima
1974-05-27 00:00:00.000001959,1184448.666666675,1082164.6764690604,1286732.6568642894,arima
1974-05-28 00:00:00.000001959,1185143.0000000081,1082827.190237089,1287458.8097629272,arima
1974-05-29 00:00:00.000001959,1185837.3333333414,1083489.7138977237,1288184.952768959,arima
1974-05-30 00:00:00.000001959,1186531.6666666747,1084152.2474417435,1288911.0858916058,arima
1974-05-31 00:00:00.000001959,1187226.000000008,1084814.7908599416,1289637.2091400742,arima
1974-06-01 00:00:00.000001959,1187920.3333333412,1085477.344143126,1290363.3225235564,arima
1974-06-02 00:00:00.000001959,1188614.6666666744,1086139.907282118,1291089.4260512309,arima
1974-06-03 00:00:00.000001959,1189309.0000000077,1086802.480267754,1291815.5197322613,arima
1974-06-04 00:00:00.000001959,1190003.333333341,1087465.0630908844,1292541.6035757975,arima
1974-06-05 00:00:00.000001959,1190697.6666666742,1088127.655742373,1293267.6775909753,arima
1974-06-06 00:00:00.000001959,1191392.0000000075,1088790.258213099,1293993.7417869158,arima
1974-06-07 00:00:00.000001959,1192086.3333333407,1089452.870493955,1294719.7961727264,arima
1974-06-08 00:00:00.000001959,1192780.666666674,1090115.4925758473,1295445.8407575006,arima
1974-06-09 00:00:00.000001959,1193475.0000000072,1090778.1244496969,1296171.8755503176,arima
1974-06-10 00:00:00.000001959,1194169.3333333405,1091440.7661064386,1296897.9005602424,arima
1974-06-11 00:00:00.000001959,1194863.6666666737,1092103.4175370212,1297623.9157963262,arima
1974-06-12 00:00:00.000001959,1195558.000000007,1092766.0787324072,1298349.9212676068,arima
1974-06-13 00:00:00.000001959,1196252.3333333402,1093428.7496835734,1299075.916983107,arima
1974-06-14 00:00:00.000001959,1196946.6666666735,1094091.4303815102,1299801.9029518368,arima
1974-06-15 00:00:00.000001959,1197641.0000000068,1094754.120817222,1300527.8791827916,arima
1974-06-16 00:00:00.000001959,1198335.33333334,1095416.820981727,1301253.845684953,arima
1974-06-17 00:00:00.000001959,1199029.6666666733,1096079.5308660571,1301979.8024672894,arima
1974-06-18 00:00:00.000001959,1199724.0000000065,1096742.2504612585,1302705.7495387546,arima
1974-06-19 00:00:00.000001959,1200418.3333333398,1097404.97975839,1303431.6869082896,arima
1974-06-20 00:00:00.000001959,1201112.666666673,1098067.7187485253,1304157.6145848208,arima
1974-06-21 00:00:00.000001959,1201807.0000000063,1098730.467422751,1304883.5325772616,arima
1974-06-22 00:00:00.000001959,1202501.3333333395,1099393.225772168,1305609.440894511,arima
1974-06-23 00:00:00.000001959,1203195.6666666728,1100055.99378789,1306335.3395454555,arima
1974-06-24 00:00:00.000001959,1203890.000000006,1100718.7714610454,1307061.2285389667,arima
1974-06-25 00:00:00.000001959,1204584.3333333393,1101381.5587827747,1307787.107883904,arima
1974-06-26 00:00:00.000001959,1205278.6666666726,1102044.3557442336,1308512.9775891115,arima
1974-06-27 00:00:00.000001959,1205973.0000000058,1102707.1623365898,1309238.8376634219,arima
1974-06-28 00:00:00.000001959,1206667.333333339,1103369.9785510255,1309964.6881156527,arima
1974-06-29 00:00:00.000001959,1207361.6666666723,1104032.8043787358,1310690.5289546088,arima
1974-06-30 00:00:00.000001959,1208056.0000000056,1104695.6398109298,1311416.3601890814,arima
1974-07-01 00:00:00.000001959,1208750.3333333388,1105358.4848388291,1312142.1818278485,arima
1974-07-02 00:00:00.000001959,1209444.666666672,1106021.3394536693,1312867.993879675,arima
1974-07-03 00:00:00.000001959,1210139.0000000054,1106684.2036466994,1313593.7963533113,arima
1974-07-04 00:00:00.000001959,1210833.3333333386,1107347.0774091813,1314319.589257496,arima
1974-07-05 00:00:00.000001959,1211527.6666666719,1108009.9607323904,1315045.3726009533,arima
1974-07-06 00:00:00.000001959,1212222.0000000051,1108672.8536076157,1315771.1463923946,arima
1974-07-07 00:00:00.000001959,1212916.3333333384,1109335.7560261583,1316496.9106405184,arima
1974-07-08 00:00:00.000001959,1213610.6666666716,1109998.667979334,1317222.6653540093,arima
1974-07-09 00:00:00.000001959,1214305.000000005,1110661.5894584705,1317948.4105415393,arima
1974-07-10 00:00:00.000001959,1214999.3333333381,1111324.5204549094,1318674.1462117669,arima
1974-07-11 00:00:00.000001959,1215693.6666666714,1111987.4609600052,1319399.8723733376,arima
1974-07-12 00:00:00.000001959,1216388.0000000047,1112650.410965125,1320125.5890348842,arima
1974-07-13 00:00:00.000001959,1217082.333333338,1113313.3704616502,1320851.2962050256,arima
1974-07-14 00:00:00.000001959,1217776.6666666712,1113976.3394409737,1321576.9938923686,arima
1974-07-15 00:00:00.000001959,1218471.0000000044,1114639.3178945023,1322302.6821055065,arima
1974-07-16 00:00:00.000001959,1219165.3333333377,1115302.3058136557,1323028.3608530196,arima
1974-07-17 00:00:00.000001959,1219859.666666671,1115965.3031898662,1323754.0301434756,arima
1974-07-18 00:00:00.000001959,1220554.0000000042,1116628.3100145797,1324479.6899854287,arima
1974-07-19 00:00:00.000001959,1221248.3333333374,1117291.3262792542,1325205.3403874207,arima
1974-07-20 00:00:00.000001959,1221942.6666666707,1117954.351975361,1325930.9813579805,arima
1974-07-21 00:00:00.000001959,1222637.000000004,1118617.3870943836,1326656.6129056243,arima
1974-07-22 00:00:00.000001959,1223331.3333333372,1119280.4316278198,1327382.2350388546,arima
1974-07-23 00:00:00.000001959,1224025.6666666705,1119943.4855671786,1328107.8477661624,arima
1974-07-24 00:00:00.000001959,1224720.0000000037,1120606.5489039826,1328833.4510960248,arima
1974-07-25 00:00:00.000001959,1225414.333333337,1121269.6216297667,1329559.0450369073,arima
1974-07-26 00:00:00.000001959,1226108.6666666702,1121932.703736079,1330284.6295972615,arima
1974-07-27 00:00:00.000001959,1226803.0000000035,1122595.7952144796,1331010.2047855274,arima
1974-07-28 00:00:00.000001959,1227497.3333333367,1123258.896056542,1331735.7706101316,arima
1974-07-29 00:00:00.000001959,1228191.66666667,1123922.0062538518,1332461.3270794882,arima
1974-07-30 00:00:00.000001959,1228886.0000000033,1124585.1257980072,1333186.8742019993,arima
1974-07-31 00:00:00.000001959,1229580.3333333365,1125248.2546806193,1333912.4119860537,arima
1974-08-01 00:00:00.000001959,1230274.6666666698,1125911.3928933113,1334637.9404400282,arima
1974-08-02 00:00:00.000001959,1230969.000000003,1126574.5404277195,1335363.4595722866,arima
1974-08-03 00:00:00.000001959,1231663.3333333363,1127237.6972754924,1336088.9693911802,arima
1974-08-04 00:00:00.000001959,1232357.6666666695,1127900.8634282905,1336814.4699050486,arima
1974-08-05 00:00:00.000001959,1233052.0000000028,1128564.0388777873,1337539.9611222183,arima
1974-08-06 00:00:00.000001959,1233746.333333336,1129227.2236156687,1338265.4430510034,arima
1974-08-07 00:00:00.000001959,1234440.6666666693,1129890.4176336327,1338990.915699706,arima
1974-08-08 00:00:00.000001959,1235135.0000000026,1130553.62092339,1339716.3790766152,arima
1974-08-09 00:00:00.000001959,1235829.3333333358,1131216.8334766633,1340441.8331900083,arima
1974-08-10 00:00:00.000001959,1236523.666666669,1131880.0552851877,1341167.2780481505,arima
1974-08-11 00:00:00.000001959,1237218.0000000023,1132543.286340711,1341892.7136592937,arima
1974-08-12 00:00:00.000001959,1237912.3333333356,1133206.5266349923,1342618.1400316788,arima
1974-08-13 00:00:00.000001959,1238606.6666666688,1133869.776159804,1343343.5571735336,arima
1974-08-14 00:00:00.000001959,1239301.000000002,1134533.03490693,1344068.9650930741,arima
1974-08-15 00:00:00.000001959,1239995.3333333354,1135196.3028681667,1344794.363798504,arima
1974-08-16 00:00:00.000001959,1240689.6666666686,1135859.5800353226,1345519.7532980146,arima
1974-08-17 00:00:00.000001959,1241384.0000000019,1136522.866400218,1346245.1335997856,arima
1974-08-18 00:00:00.000001959,1242078.3333333351,1137186.1619546863,1346970.504711984,arima
1974-08-19 00:00:00.000001959,1242772.6666666684,1137849.4666905715,1347695.8666427652,arima
1974-08-20 00:00:00.000001959,1243467.0000000016,1138512.7805997308,1348421.2194002725,arima
1974-08-21 00:00:00.000001959,1244161.333333335,1139176.103674033,1349146.5629926368,arima
1974-08-22 00:00:00.000001959,1244855.6666666681,1139839.435905359,1349871.8974279773,arima
1974-08-23 00:00:00.000001959,1245550.0000000014,1140502.7772856017,1350597.222714401,arima
1974-08-24 00:00:00.000001959,1246244.3333333347,1141166.1278066658,1351322.5388600035,arima
1974-08-25 00:00:00.000001959,1246938.666666668,1141829.487460468,1352047.8458728679,arima
1974-08-26 00:00:00.000001959,1247633.0000000012,1142492.856238937,1352773.1437610653,arima
1974-08-27 00:00:00.000001959,1248327.3333333344,1143156.2341340135,1353498.4325326553,arima
1974-08-28 00:00:00.000001959,1249021.6666666677,1143819.6211376498,1354223.7121956856,arima
1974-08-29 00:00:00.000001959,1249716.000000001,1144483.01724181,1354948.9827581919,arima
1974-08-30 00:00:00.000001959,1250410.3333333342,1145146.42243847,1355674.2442281984,arima
1974-08-31 00:00:00.000001959,1251104.6666666674,1145809.836719618,1356399.496613717,arima
1974-09-01 00:00:00.000001959,1251799.0000000007,1146473.2600772532,1357124.7399227482,arima
1974-09-02 00:00:00.000001959,1252493.333333334,1147136.692503387,1357849.9741632808,arima
1974-09-03 00:00:00.000001959,1253187.6666666672,1147800.1339900428,1358575.1993432916,arima
1974-09-04 00:00:00.000001959,1253882.0000000005,1148463.5845292548,1359300.415470746,arima
1974-09-05 00:00:00.000001959,1254576.3333333337,1149127.0441130695,1360025.622553598,arima
1974-09-06 00:00:00.000001959,1255270.666666667,1149790.5127335452,1360750.8205997888,arima
1974-09-07 00:00:00.000001959,1255965.0000000002,1150453.990382751,1361476.0096172495,arima
1974-09-08 00:00:00.000001959,1256659.3333333335,1151117.4770527685,1362201.1896138985,arima
1974-09-09 00:00:00.000001959,1257353.6666666667,1151780.9727356904,1362926.360597643,arima
1974-09-10 00:00:00.000001959,1258048.0,1152444.477423621,1363651.522576379,arima
1974-09-11 00:00:00.000001959,1258742.3333333333,1153107.9911086764,1364376.67555799,arima
1974-09-12 00:00:00.000001959,1259436.6666666665,1153771.5137829834,1365101.8195503496,arima
1974-09-13 00:00:00.000001959,1260130.9999999998,1154435.0454386813,1365826.9545613183,arima
1974-09-14 00:00:00.000001959,1260825.333333333,1155098.5860679203,1366552.0805987457,arima
1974-09-15 00:00:00.000001959,1261519.6666666663,1155762.135662862,1367277.1976704705,arima
1974-09-16 00:00:00.000001959,1262213.9999999995,1156425.6942156795,1368002.3057843195,arima
1974-09-17 00:00:00.000001959,1262908.3333333328,1157089.2617185574,1368727.4049481081,arima
1974-09-18 00:00:00.000001959,1263602.666666666,1157752.8381636913,1369452.4951696408,arima
1974-09-19 00:00:00.000001959,1264296.9999999993,1158416.4235432888,1370177.5764567098,arima
1974-09-20 00:00:00.000001959,1264991.3333333326,1159080.017849568,1370902.648817097,arima
1974-09-21 00:00:00.000001959,1265685.6666666658,1159743.6210747592,1371627.7122585725,arima
1974-09-22 00:00:00.000001959,1266379.999999999,1160407.2332111027,1372352.7667888955,arima
1974-09-23 00:00:00.000001959,1267074.3333333323,1161070.8542508513,1373077.8124158133,arima
1974-09-24 00:00:00.000001959,1267768.6666666656,1161734.4841862684,1373802.8491470627,arima
1974-09-25 00:00:00.000001959,1268462.9999999988,1162398.1230096288,1374527.8769903688,arima
1974-09-26 00:00:00.000001959,1269157.333333332,1163061.7707132183,1375252.895953446,arima
1974-09-27 00:00:00.000001959,1269851.6666666653,1163725.427289334,1375977.9060439968,arima
1974-09-28 00:00:00.000001959,1270545.9999999986,1164389.0927302837,1376702.9072697135,arima
1974-09-29 00:00:00.000001959,1271240.3333333319,1165052.7670283872,1377427.8996382765,arima
1974-09-30 00:00:00.000001959,1271934.666666665,1165716.4501759748,1378152.8831573555,arima
1974-10-01 00:00:00.000001959,1272628.9999999984,1166380.1421653875,1378877.8578346092,arima
1974-10-02 00:00:00.000001959,1273323.3333333316,1167043.8429889781,1379602.823677685,arima
1974-10-03 00:00:00.000001959,1274017.6666666649,1167707.55263911,1380327.7806942197,arima
1974-10-04 00:00:00.000001959,1274711.9999999981,1168371.271108158,1381052.7288918383,arima
1974-10-05 00:00:00.000001959,1275406.3333333314,1169034.998388507,1381777.6682781558,arima
1974-10-06 00:00:00.000001959,1276100.6666666646,1169698.7344725537,1382502.5988607756,arima
1974-10-07 00:00:00.000001959,1276794.999999998,1170362.4793527052,1383227.5206472906,arima
1974-10-08 00:00:00.000001959,1277489.3333333312,1171026.2330213801,1383952.4336452822,arima
1974-10-09 00:00:00.000001959,1278183.6666666644,1171689.9954710074,1384677.3378623214,arima
1974-10-10 00:00:00.000001959,1278877.9999999977,1172353.766694027,1385402.2333059683,arima
1974-10-11 00:00:00.000001959,1279572.333333331,1173017.5466828896,1386127.1199837723,arima
1974-10-12 00:00:00.000001959,1280266.6666666642,1173681.3354300573,1386851.997903271,arima
1974-10-13 00:00:00.000001959,1280960.9999999974,1174345.132928002,1387576.867071993,arima
1974-10-14 00:00:00.000001959,1281655.3333333307,1175008.9391692074,1388301.727497454,arima
1974-10-15 00:00:00.000001959,1282349.666666664,1175672.754146167,1389026.5791871608,arima
1974-10-16 00:00:00.000001959,1283043.9999999972,1176336.577851386,1389751.4221486084,arima
1974-10-17 00:00:00.000001959,1283738.3333333305,1177000.4102773797,1390476.2563892812,arima
1974-10-18 00:00:00.000001959,1284432.6666666637,1177664.251416674,1391201.0819166536,arima
1974-10-19 00:00:00.000001959,1285126.999999997,1178328.1012618057,1391925.8987381882,arima
1974-10-20 00:00:00.000001959,1285821.3333333302,1178991.9598053226,1392650.7068613379,arima
1974-10-21 00:00:00.000001959,1286515.6666666635,1179655.8270397824,1393375.5062935445,arima
1974-10-22 00:00:00.000001959,1287209.9999999967,1180319.7029577538,1394100.2970422397,arima
1974-10-23 00:00:00.000001959,1287904.33333333,1180983.5875518161,1394825.0791148439,arima
1974-10-24 00:00:00.000001959,1288598.6666666633,1181647.4808145594,1395549.8525187671,arima
1974-10-25 00:00:00.000001959,1289292.9999999965,1182311.3827385835,1396274.6172614095,arima
1974-10-26 00:00:00.000001959,1289987.3333333298,1182975.2933164998,1396999.3733501597,arima
1974-10-27 00:00:00.000001959,1290681.666666663,1183639.2125409294,1397724.1207923966,arima
1974-10-28 00:00:00.000001959,1291375.9999999963,1184303.1404045043,1398448.8595954883,arima
1974-10-29 00:00:00.000001959,1292070.3333333295,1184967.0768998666,1399173.5897667925,arima
1974-10-30 00:00:00.000001959,1292764.6666666628,1185631.0220196692,1399898.3113136564,arima
1974-10-31 00:00:00.000001959,1293458.999999996,1186294.9757565754,1400623.0242434167,arima
1974-11-01 00:00:00.000001959,1294153.3333333293,1186958.9381032584,1401347.7285634002,arima
1974-11-02 00:00:00.000001959,1294847.6666666626,1187622.9090524025,1402072.4242809226,arima
1974-11-03 00:00:00.000001959,1295541.9999999958,1188286.888596702,1402797.1114032897,arima
1974-11-04 00:00:00.000001959,1296236.333333329,1188950.8767288611,1403521.789937797,arima
1974-11-05 00:00:00.000001959,1296930.6666666623,1189614.8734415954,1404246.4598917293,arima
1974-11-06 00:00:00.000001959,1297624.9999999956,1190278.8787276298,1404971.1212723614,arima
1974-11-07 00:00:00.000001959,1298319.3333333288,1190942.8925796996,1405695.774086958,arima
1974-11-08 00:00:00.000001959,1299013.666666662,1191606.9149905508,1406420.4183427733,arima
1974-11-09 00:00:00.000001959,1299707.9999999953,1192270.9459529396,1407145.0540470511,arima
1974-11-10 00:00:00.000001959,1300402.3333333286,1192934.9854596318,1407869.6812070254,arima
1974-11-11 00:00:00.000001959,1301096.6666666619,1193599.0335034041,1408594.2998299196,arima
1974-11-12 00:00:00.000001959,1301790.999999995,1194263.090077043,1409318.9099229472,arima
1974-11-13 00:00:00.000001959,1302485.3333333284,1194927.1551733452,1410043.5114933115,arima
1974-11-14 00:00:00.000001959,1303179.6666666616,1195591.2287851176,1410768.1045482056,arima
1974-11-15 00:00:00.000001959,1303873.9999999949,1196255.3109051771,1411492.6890948126,arima
1974-11-16 00:00:00.000001959,1304568.3333333281,1196919.401526351,1412217.2651403053,arima
1974-11-17 00:00:00.000001959,1305262.6666666614,1197583.5006414764,1412941.8326918464,arima
1974-11-18 00:00:00.000001959,1305956.9999999946,1198247.6082434002,1413666.391756589,arima
1974-11-19 00:00:00.000001959,1306651.333333328,1198911.7243249798,1414390.942341676,arima
1974-11-20 00:00:00.000001959,1307345.6666666612,1199575.8488790826,1415115.4844542397,arima
1974-11-21 00:00:00.000001959,1308039.9999999944,1200239.9818985858,1415840.018101403,arima
1974-11-22 00:00:00.000001959,1308734.3333333277,1200904.1233763762,1416564.543290279,arima
1974-11-23 00:00:00.000001959,1309428.666666661,1201568.2733053516,1417289.0600279702,arima
1974-11-24 00:00:00.000001959,1310122.9999999942,1202232.4316784185,1418013.5683215698,arima
1974-11-25 00:00:00.000001959,1310817.3333333274,1202896.5984884945,1418738.0681781603,arima
1974-11-26 00:00:00.000001959,1311511.6666666607,1203560.7737285062,1419462.5596048152,arima
1974-11-27 00:00:00.000001959,1312205.999999994,1204224.9573913903,1420187.0426085975,arima
1974-11-28 00:00:00.000001959,1312900.3333333272,1204889.1494700937,1420911.5171965607,arima
1974-11-29 00:00:00.000001959,1313594.6666666605,1205553.3499575728,1421635.9833757482,arima
1974-11-30 00:00:00.000001959,1314288.9999999937,1206217.5588467936,1422360.4411531938,arima
1974-12-01 00:00:00.000001959,1314983.333333327,1206881.7761307328,1423084.890535921,arima
1974-12-02 00:00:00.000001959,1315677.6666666602,1207546.0018023758,1423809.3315309447,arima
1974-12-03 00:00:00.000001959,1316371.9999999935,1208210.2358547186,1424533.7641452684,arima
1974-12-04 00:00:00.000001959,1317066.3333333267,1208874.4782807662,1425258.1883858873,arima
1974-12-05 00:00:00.000001959,1317760.66666666,1209538.729073534,1425982.604259786,arima
1974-12-06 00:00:00.000001959,1318454.9999999932,1210202.988226047,1426707.0117739395,arima
1974-12-07 00:00:00.000001959,1319149.3333333265,1210867.2557313393,1427431.4109353137,arima
1974-12-08 00:00:00.000001959,1319843.6666666598,1211531.5315824554,1428155.8017508641,arima
1974-12-09 00:00:00.000001959,1320537.999999993,1212195.815772449,1428880.1842275371,arima
1974-12-10 00:00:00.000001959,1321232.3333333263,1212860.1082943834,1429604.5583722692,arima
1974-12-11 00:00:00.000001959,1321926.6666666595,1213524.409141332,1430328.9241919871,arima
1974-12-12 00:00:00.000001959,1322620.9999999928,1214188.718306377,1431053.2816936085,arima
1974-12-13 00:00:00.000001959,1323315.333333326,1214853.0357826112,1431777.6308840408,arima
1974-12-14 00:00:00.000001959,1324009.6666666593,1215517.361563136,1432501.9717701825,arima
1974-12-15 00:00:00.000001959,1324703.9999999925,1216181.695641063,1433226.3043589222,arima
1974-12-16 00:00:00.000001959,1325398.3333333258,1216846.0380095127,1433950.628657139,arima
1974-12-17 00:00:00.000001959,1326092.666666659,1217510.388661616,1434674.944671702,arima
1974-12-18 00:00:00.000001959,1326786.9999999923,1218174.747590512,1435399.2524094726,arima
1974-12-19 00:00:00.000001959,1327481.3333333256,1218839.1147893507,1436123.5518773005,arima
1974-12-20 00:00:00.000001959,1328175.6666666588,1219503.4902512901,1436847.8430820275,arima
1974-12-21 00:00:00.000001959,1328869.999999992,1220167.8739694993,1437572.126030485,arima
1974-12-22 00:00:00.000001959,1329564.3333333253,1220832.2659371549,1438296.4007294958,arima
1974-12-23 00:00:00.000001959,1330258.6666666586,1221496.6661474446,1439020.6671858726,arima
1974-12-24 00:00:00.000001959,1330952.9999999919,1222161.0745935645,1439744.9254064192,arima
1974-12-25 00:00:00.000001959,1331647.333333325,1222825.49126872,1440469.1753979302,arima
1974-12-26 00:00:00.000001959,1332341.6666666584,1223489.9161661267,1441193.41716719,arima
1974-12-27 00:00:00.000001959,1333035.9999999916,1224154.3492790083,1441917.650720975,arima
1974-12-28 00:00:00.000001959,1333730.3333333249,1224818.790600599,1442641.8760660507,arima
1974-12-29 00:00:00.000001959,1334424.6666666581,1225483.2401241416,1443366.0932091747,arima
1974-12-30 00:00:00.000001959,1335118.9999999914,1226147.697842888,1444090.3021570947,arima
1974-12-31 00:00:00.000001959,1335813.3333333246,1226812.1637501002,1444814.502916549,arima
